ts,protons_gt_1MeV,protons_gt_5MeV,protons_gt_10MeV,protons_gt_30MeV,protons_gt_50MeV,protons_gt_100MeV,electrons_gt_0_8MeV,electrons_gt_2_0MeV,F10_7,speed_km_s,density_protons_cm3,P10_max,група
2017-08-28 00:00:00,9.778333333333334,0.3249166666666667,0.19291666666666665,0.09885,0.07758333333333332,0.04069166666666667,20941.666666666668,1011.5833333333334,82.0,285.0,3.0,0.314,тиха
2017-08-28 01:00:00,7.994166666666666,0.2916666666666667,0.15658333333333332,0.07258333333333333,0.0587,0.02995,18091.666666666668,713.0,82.0,305.0,3.4,0.259,тиха
2017-08-28 02:00:00,6.099166666666666,0.283,0.17766666666666667,0.08445000000000001,0.06964166666666667,0.035025,14108.333333333334,380.8333333333333,82.0,309.0,1.7,0.321,тиха
2017-08-28 03:00:00,4.7525,0.23683333333333334,0.16633333333333333,0.08765833333333334,0.06809166666666668,0.03551666666666667,12766.666666666666,267.9166666666667,82.0,304.0,2.0,0.244,тиха
2017-08-28 04:00:00,4.158333333333334,0.3349166666666667,0.20833333333333334,0.0848,0.07285,0.03970833333333334,11333.333333333334,203.0,82.0,302.0,2.3,0.309,тиха
2017-08-28 05:00:00,2.904166666666667,0.24033333333333332,0.1668333333333333,0.07729166666666666,0.06369166666666666,0.03488333333333333,9685.833333333334,152.41666666666666,82.0,304.0,2.4,0.284,тиха
2017-08-28 06:00:00,3.421666666666667,0.28191666666666665,0.16341666666666668,0.08384166666666666,0.06699166666666667,0.03758333333333334,8650.0,127.91666666666667,82.0,319.0,3.2,0.249,тиха
2017-08-28 07:00:00,2.9783333333333335,0.32458333333333333,0.19666666666666666,0.10028333333333334,0.07681666666666666,0.03933333333333333,6424.166666666667,95.49166666666667,82.0,319.0,2.8,0.316,тиха
2017-08-28 08:00:00,2.611666666666667,0.30233333333333334,0.18775,0.09535,0.07446666666666667,0.03768333333333333,4602.5,70.01666666666667,82.0,319.0,3.2,0.28,тиха
2017-08-28 09:00:00,2.5541666666666667,0.2936666666666667,0.17958333333333332,0.09655833333333334,0.07619166666666667,0.03883333333333333,4761.666666666667,82.34166666666667,82.0,306.0,4.0,0.258,тиха
2017-08-28 10:00:00,2.3874999999999997,0.2990833333333333,0.19283333333333333,0.097425,0.06743333333333333,0.038391666666666664,4598.333333333333,89.7,82.0,305.0,4.0,0.407,тиха
2017-08-28 11:00:00,2.3833333333333333,0.28758333333333336,0.1729166666666667,0.08349166666666667,0.06394166666666666,0.03169166666666667,5865.833333333333,124.83333333333333,82.0,307.0,3.3,0.326,тиха
2017-08-28 12:00:00,2.5124999999999997,0.25375,0.16774999999999998,0.09288333333333333,0.070075,0.04043333333333333,9123.333333333334,208.41666666666666,82.0,303.0,2.9,0.257,тиха
2017-08-28 13:00:00,3.2541666666666664,0.3060833333333333,0.17525,0.08556666666666667,0.06236666666666666,0.03025833333333333,12200.0,264.3333333333333,82.0,306.0,2.8,0.358,тиха
2017-08-28 14:00:00,2.5900000000000003,0.24450000000000002,0.19325,0.11379166666666667,0.09004166666666667,0.04893333333333333,13875.0,303.1666666666667,82.0,294.0,3.2,0.334,тиха
2017-08-28 15:00:00,3.0933333333333333,0.29291666666666666,0.19799999999999998,0.08984166666666667,0.06795833333333333,0.035875,15925.0,406.25,82.0,303.0,2.0,0.338,тиха
2017-08-28 16:00:00,3.6166666666666667,0.3065,0.20074999999999998,0.10075833333333334,0.0772,0.044525,18016.666666666668,557.0,82.0,307.0,1.5,0.363,тиха
2017-08-28 17:00:00,3.9725,0.2985,0.19391666666666665,0.10299166666666666,0.08290833333333333,0.043333333333333335,20050.0,591.5833333333334,82.0,309.0,0.9,0.359,тиха
2017-08-28 18:00:00,4.538333333333333,0.27508333333333335,0.16375,0.090375,0.07248333333333333,0.0356,20883.333333333332,592.4166666666666,82.0,302.0,1.5,0.252,тиха
2017-08-28 19:00:00,4.429166666666666,0.22066666666666668,0.17016666666666666,0.09152500000000001,0.07116666666666667,0.03589166666666666,22058.333333333332,585.3333333333334,82.0,294.0,2.0,0.256,тиха
2017-08-28 20:00:00,5.4575,0.20233333333333334,0.1420833333333333,0.0727,0.053516666666666664,0.026741666666666664,23108.333333333332,666.8333333333334,82.0,297.0,3.2,0.19,тиха
2017-08-28 21:00:00,5.88,0.22675,0.1688333333333333,0.09745,0.08141666666666666,0.04758333333333333,24550.0,773.0833333333334,82.0,299.0,2.8,0.226,тиха
2017-08-28 22:00:00,6.835833333333333,0.23758333333333334,0.18116666666666667,0.10219166666666667,0.0709,0.03635,25641.666666666668,775.1666666666666,82.0,309.0,2.9,0.409,тиха
2017-08-28 23:00:00,6.745,0.27425,0.19799999999999998,0.11245833333333333,0.0835,0.04238333333333333,24866.666666666668,742.1666666666666,82.0,309.0,3.2,0.282,тиха
2017-08-29 00:00:00,5.596666666666667,0.23550000000000001,0.17458333333333334,0.096425,0.07936666666666667,0.04372500000000001,20658.333333333332,494.6666666666667,84.0,325.0,2.1,0.274,тиха
2017-08-29 01:00:00,4.759166666666666,0.237,0.1635,0.09116666666666667,0.07430833333333334,0.035541666666666666,15375.0,277.4166666666667,84.0,307.0,1.5,0.217,тиха
2017-08-29 02:00:00,3.2241666666666666,0.24125,0.1779166666666667,0.10173333333333334,0.076025,0.035958333333333335,14350.0,302.0833333333333,84.0,340.0,1.9,0.358,тиха
2017-08-29 03:00:00,2.631666666666667,0.21258333333333335,0.16008333333333333,0.08325,0.07250833333333333,0.03830833333333333,12625.0,251.5,84.0,348.0,2.6,0.295,тиха
2017-08-29 04:00:00,2.255,0.21491666666666667,0.15133333333333335,0.07796666666666667,0.06648333333333332,0.036116666666666665,10502.5,199.25,84.0,349.0,2.8,0.219,тиха
2017-08-29 05:00:00,1.16575,0.206,0.14991666666666667,0.08514166666666667,0.07336666666666666,0.038808333333333334,8255.833333333334,211.0,84.0,348.0,2.8,0.212,тиха
2017-08-29 06:00:00,1.1945,0.25616666666666665,0.16966666666666666,0.08293333333333333,0.07180833333333334,0.040075,7470.833333333333,263.3333333333333,84.0,346.0,2.6,0.252,тиха
2017-08-29 07:00:00,1.2418333333333333,0.23358333333333334,0.15891666666666668,0.08525833333333332,0.070225,0.03621666666666667,9573.333333333334,402.0,84.0,344.0,3.6,0.224,тиха
2017-08-29 08:00:00,1.2751666666666666,0.26433333333333336,0.19141666666666668,0.08463333333333334,0.06739166666666667,0.03398333333333333,8770.0,348.6666666666667,84.0,339.0,3.0,0.363,тиха
2017-08-29 09:00:00,1.1301666666666668,0.22608333333333333,0.1795,0.09734999999999999,0.07623333333333333,0.04130833333333333,8353.333333333334,318.5833333333333,84.0,303.0,3.7,0.293,тиха
2017-08-29 10:00:00,1.3025,0.25858333333333333,0.19041666666666668,0.11370000000000001,0.09030833333333334,0.04945,10235.0,420.0,84.0,292.0,5.0,0.276,тиха
2017-08-29 11:00:00,1.4158333333333333,0.24766666666666667,0.17783333333333332,0.08980833333333334,0.0666,0.035225,12233.333333333334,542.1666666666666,84.0,293.0,4.7,0.213,тиха
2017-08-29 12:00:00,1.5441666666666667,0.24025,0.16841666666666666,0.09018333333333334,0.06490833333333333,0.03195,13450.0,614.8333333333334,84.0,308.0,4.7,0.24,тиха
2017-08-29 13:00:00,2.254166666666667,0.27699999999999997,0.20183333333333334,0.10368333333333334,0.07694166666666667,0.0397,16425.0,767.4166666666666,84.0,287.0,4.8,0.335,тиха
2017-08-29 14:00:00,2.8800000000000003,0.2634166666666667,0.18958333333333333,0.09569166666666667,0.07205,0.03763333333333333,19750.0,912.8333333333334,84.0,279.0,4.7,0.3,тиха
2017-08-29 15:00:00,3.3633333333333333,0.218,0.16341666666666665,0.088375,0.06936666666666667,0.030983333333333335,22191.666666666668,1063.5833333333333,84.0,277.0,5.1,0.223,тиха
2017-08-29 16:00:00,4.329166666666667,0.21808333333333332,0.1725,0.086175,0.06539166666666667,0.03519166666666667,24575.0,1229.1666666666667,84.0,348.0,5.1,0.281,тиха
2017-08-29 17:00:00,13.030833333333334,0.2880833333333333,0.19466666666666665,0.09440833333333333,0.06765833333333333,0.038608333333333335,31933.333333333332,1787.5,84.0,352.0,5.9,0.328,тиха
2017-08-29 18:00:00,22.583333333333332,0.24891666666666667,0.19358333333333333,0.08666666666666667,0.06873333333333333,0.04015833333333333,34658.333333333336,2315.0,84.0,349.0,6.5,0.314,тиха
2017-08-29 19:00:00,30.0,0.24516666666666667,0.17308333333333334,0.09528333333333333,0.06706666666666666,0.034183333333333336,37591.666666666664,2950.0,84.0,361.0,5.8,0.297,тиха
2017-08-29 20:00:00,36.30833333333333,0.21908333333333332,0.16691666666666669,0.09456666666666667,0.08249166666666667,0.051583333333333335,42733.333333333336,4338.333333333333,84.0,354.0,4.5,0.209,тиха
2017-08-29 21:00:00,35.458333333333336,0.25375,0.19216666666666668,0.09185833333333333,0.06853333333333333,0.033249999999999995,26408.333333333332,2369.1666666666665,84.0,395.0,2.1,0.327,тиха
2017-08-29 22:00:00,15.231666666666667,0.23091666666666666,0.18441666666666667,0.08946666666666665,0.06578333333333333,0.03333333333333333,10654.166666666666,538.75,84.0,398.0,1.4,0.264,тиха
2017-08-29 23:00:00,6.43,0.2515833333333333,0.17416666666666666,0.08465,0.0687,0.037700000000000004,4778.333333333333,116.19166666666666,84.0,392.0,1.8,0.258,тиха
2017-08-30 00:00:00,3.5583333333333336,0.22525000000000003,0.1625,0.09845833333333333,0.0768,0.03559166666666667,3382.5,64.30833333333334,87.0,398.0,1.2,0.239,тиха
2017-08-30 01:00:00,2.6316666666666664,0.26775,0.20233333333333334,0.11318333333333334,0.08503333333333334,0.03854166666666666,3150.0,55.75,87.0,385.0,1.9,0.33,тиха
2017-08-30 02:00:00,1.16075,0.22341666666666668,0.18108333333333335,0.09321666666666667,0.07792500000000001,0.03875,2000.8333333333333,35.166666666666664,87.0,376.0,2.4,0.301,тиха
2017-08-30 03:00:00,1.2859166666666666,0.21641666666666667,0.15991666666666668,0.08489999999999999,0.06641666666666667,0.030625,2227.5,32.81666666666666,87.0,375.0,2.7,0.268,тиха
2017-08-30 04:00:00,1.5199999999999998,0.21391666666666667,0.15616666666666668,0.07633333333333334,0.062825,0.030549999999999997,2905.0,35.71666666666666,87.0,354.0,3.2,0.248,тиха
2017-08-30 05:00:00,0.8989166666666666,0.22908333333333333,0.16416666666666668,0.07095833333333333,0.057225,0.02928333333333333,1917.5,19.275000000000002,87.0,351.0,3.4,0.278,тиха
2017-08-30 06:00:00,0.62725,0.21033333333333334,0.15325,0.08253333333333333,0.06556666666666666,0.033716666666666666,1537.5,16.650000000000002,87.0,351.0,3.4,0.248,тиха
2017-08-30 07:00:00,0.9867500000000001,0.25875,0.19825,0.09375,0.07768333333333334,0.03779166666666667,1430.0,18.933333333333334,87.0,349.0,3.6,0.337,тиха
2017-08-30 08:00:00,1.0475,0.26316666666666666,0.17533333333333334,0.09761666666666667,0.07515,0.03438333333333333,2310.8333333333335,31.008333333333336,87.0,350.0,3.5,0.237,тиха
2017-08-30 09:00:00,0.8761666666666666,0.2333333333333333,0.16691666666666669,0.08435,0.06613333333333334,0.031466666666666664,2046.6666666666667,26.125,87.0,349.0,2.9,0.248,тиха
2017-08-30 10:00:00,0.7680833333333333,0.22141666666666668,0.1749166666666667,0.09000833333333334,0.07177499999999999,0.036283333333333334,2173.3333333333335,26.558333333333334,87.0,346.0,3.9,0.388,тиха
2017-08-30 11:00:00,0.8050833333333333,0.21816666666666665,0.17616666666666667,0.09010833333333333,0.07258333333333333,0.03671666666666667,2496.6666666666665,32.15833333333333,87.0,346.0,3.8,0.306,тиха
2017-08-30 12:00:00,1.0996666666666666,0.25633333333333336,0.17941666666666667,0.108325,0.08685833333333333,0.042,2864.1666666666665,37.483333333333334,87.0,346.0,3.1,0.252,тиха
2017-08-30 13:00:00,1.2611666666666668,0.27175,0.19166666666666668,0.11061666666666665,0.08597500000000001,0.036375,3490.8333333333335,48.18333333333334,87.0,345.0,3.3,0.299,тиха
2017-08-30 14:00:00,1.7375,0.2551666666666667,0.17983333333333332,0.09495833333333333,0.07185000000000001,0.03685833333333333,4141.666666666667,59.699999999999996,87.0,346.0,3.6,0.36,тиха
2017-08-30 15:00:00,2.939166666666667,0.29433333333333334,0.20091666666666666,0.11178333333333333,0.09243333333333333,0.050475,4780.833333333333,72.125,87.0,346.0,3.6,0.415,тиха
2017-08-30 16:00:00,4.430833333333333,0.2501666666666667,0.17058333333333334,0.10599166666666666,0.08023333333333334,0.04259166666666667,5827.5,95.52499999999999,87.0,346.0,3.8,0.233,тиха
2017-08-30 17:00:00,6.68,0.241,0.16841666666666666,0.092375,0.07569166666666667,0.04645833333333333,6992.5,126.16666666666667,87.0,346.0,3.5,0.254,тиха
2017-08-30 18:00:00,8.220833333333333,0.2544166666666667,0.18799999999999997,0.09665,0.07208333333333333,0.036975,7673.333333333333,148.58333333333334,87.0,346.0,4.0,0.418,тиха
2017-08-30 19:00:00,9.8475,0.26725,0.20666666666666667,0.10039166666666666,0.07869166666666667,0.04400833333333334,8290.0,167.25,87.0,346.0,3.9,0.341,тиха
2017-08-30 20:00:00,9.13,0.2795,0.18025,0.087175,0.0712,0.037975,7723.333333333333,151.41666666666666,87.0,346.0,4.0,0.336,тиха
2017-08-30 21:00:00,8.630833333333333,0.28058333333333335,0.19725,0.09601666666666668,0.078025,0.04303333333333333,7500.833333333333,142.41666666666666,87.0,346.0,3.3,0.433,тиха
2017-08-30 22:00:00,7.177499999999999,0.24783333333333332,0.18766666666666665,0.095675,0.07460833333333333,0.04335833333333333,7148.333333333333,129.16666666666666,87.0,345.0,4.2,0.265,тиха
2017-08-30 23:00:00,6.140000000000001,0.25325000000000003,0.19291666666666665,0.09245833333333332,0.07085833333333333,0.03745833333333334,6687.5,116.16666666666667,87.0,345.0,4.5,0.327,тиха
2017-08-31 00:00:00,4.891666666666667,0.25033333333333335,0.18366666666666667,0.11184166666666667,0.08640833333333332,0.044191666666666664,6091.666666666667,99.50833333333333,92.0,346.0,2.6,0.269,тиха
2017-08-31 01:00:00,4.1258333333333335,0.2800833333333333,0.20341666666666666,0.09465833333333333,0.07655833333333333,0.043500000000000004,5319.166666666667,79.31666666666666,92.0,358.0,7.7,0.302,тиха
2017-08-31 02:00:00,4.653333333333333,0.23591666666666666,0.17716666666666667,0.10890833333333333,0.08798333333333334,0.04629166666666667,4360.833333333333,47.300000000000004,92.0,360.0,8.0,0.243,тиха
2017-08-31 03:00:00,3.265,0.27808333333333335,0.18791666666666665,0.090825,0.07284166666666667,0.036333333333333336,3311.6666666666665,29.799999999999997,92.0,355.0,11.8,0.36,тиха
2017-08-31 04:00:00,2.2333333333333334,0.27941666666666665,0.18633333333333335,0.08789999999999999,0.07498333333333333,0.04319166666666666,2234.1666666666665,15.233333333333334,92.0,361.0,12.5,0.367,тиха
2017-08-31 05:00:00,1.4894166666666668,0.24758333333333335,0.16958333333333334,0.08450833333333334,0.07116666666666667,0.0339,1071.0833333333333,6.955000000000001,92.0,407.0,31.7,0.316,тиха
2017-08-31 06:00:00,4.060833333333333,0.25166666666666665,0.17700000000000002,0.09074166666666666,0.073525,0.03924166666666667,332.5,2.87625,92.0,467.0,24.2,0.254,тиха
2017-08-31 07:00:00,1.7113333333333334,0.24116666666666667,0.15466666666666665,0.08313333333333334,0.062425,0.03291666666666667,475.0,7.452500000000001,92.0,588.0,7.1,0.21,тиха
2017-08-31 08:00:00,5.203166666666667,0.289,0.19499999999999998,0.08105,0.064,0.0336,914.4933333333333,18.6275,92.0,608.0,5.2,0.316,тиха
2017-08-31 09:00:00,47.75833333333333,0.2658333333333333,0.18958333333333333,0.10395833333333333,0.08440833333333332,0.04430833333333334,7764.166666666667,255.91666666666666,92.0,626.0,4.5,0.297,тиха
2017-08-31 10:00:00,6.947500000000001,0.25016666666666665,0.1935,0.10039166666666666,0.08225833333333334,0.04355,3030.8333333333335,42.2925,92.0,649.0,4.4,0.343,тиха
2017-08-31 11:00:00,0.91725,0.20958333333333334,0.16316666666666665,0.09096666666666665,0.0687,0.0376,367.195,4.482166666666666,92.0,654.0,4.0,0.313,тиха
2017-08-31 12:00:00,9.484416666666666,0.25833333333333336,0.18533333333333335,0.08313333333333334,0.061941666666666666,0.03069166666666667,372.72499999999997,8.7125,92.0,633.0,3.4,0.356,тиха
2017-08-31 13:00:00,51.03333333333333,0.23641666666666664,0.1645,0.08795833333333335,0.07151666666666666,0.03825,1807.0833333333333,24.683333333333334,92.0,609.0,3.3,0.264,тиха
2017-08-31 14:00:00,62.25416666666666,0.26991666666666664,0.19666666666666666,0.08608333333333333,0.070975,0.04351666666666667,4909.166666666667,28.983333333333334,92.0,602.0,3.2,0.322,тиха
2017-08-31 15:00:00,10.489166666666668,0.22316666666666665,0.16283333333333333,0.10158333333333334,0.08168333333333334,0.04106666666666667,6577.5,32.233333333333334,92.0,600.0,3.4,0.259,тиха
2017-08-31 16:00:00,11.461666666666666,0.24491666666666667,0.19683333333333333,0.102175,0.08285,0.04481666666666667,13766.666666666666,61.80833333333334,92.0,587.0,3.7,0.322,тиха
2017-08-31 17:00:00,18.685,0.2698333333333333,0.18475,0.09825833333333334,0.079025,0.043175,22725.0,95.48333333333333,92.0,583.0,3.1,0.306,тиха
2017-08-31 18:00:00,10.998333333333333,0.28025,0.1885,0.097775,0.07083333333333333,0.03966666666666667,32383.333333333332,172.66666666666666,92.0,573.0,3.0,0.305,тиха
2017-08-31 19:00:00,17.52,0.26572727272727276,0.19490909090909092,0.07950909090909092,0.0668909090909091,0.03825454545454546,37281.818181818184,232.36363636363637,92.0,570.0,2.8,0.309,тиха
2017-08-31 20:00:00,17.041666666666668,0.22141666666666668,0.162,0.08833333333333333,0.07155,0.04046666666666667,46675.0,399.8333333333333,92.0,569.0,2.6,0.316,тиха
2017-08-31 21:00:00,18.183333333333334,0.21208333333333332,0.16441666666666666,0.08695000000000001,0.07324166666666666,0.034325,47291.666666666664,420.9166666666667,92.0,568.0,2.3,0.309,тиха
2017-08-31 22:00:00,23.40833333333333,0.25066666666666665,0.17333333333333334,0.07866666666666666,0.06605833333333334,0.036475,53183.333333333336,498.8333333333333,92.0,562.0,2.1,0.26,тиха
2017-08-31 23:00:00,19.208333333333332,0.24316666666666667,0.17683333333333331,0.09864166666666667,0.08278333333333333,0.038283333333333336,55975.0,552.1666666666666,92.0,555.0,2.9,0.272,тиха
2017-09-01 00:00:00,11.685833333333333,0.25758333333333333,0.1825,0.09224166666666667,0.07245,0.03676666666666667,49658.333333333336,387.75,93.0,556.0,3.0,0.273,тиха
2017-09-01 01:00:00,5.2908333333333335,0.22866666666666668,0.17174999999999999,0.07789166666666666,0.0622,0.032225,50075.0,333.0,93.0,554.0,2.1,0.264,тиха
2017-09-01 02:00:00,6.614166666666667,0.23758333333333334,0.157,0.08510833333333334,0.06631666666666666,0.030783333333333333,57058.333333333336,516.25,93.0,536.0,1.5,0.219,тиха
2017-09-01 03:00:00,4.84,0.31333333333333335,0.1865,0.08418333333333333,0.06893333333333333,0.037725,36766.666666666664,242.51666666666665,93.0,537.0,1.8,0.397,тиха
2017-09-01 04:00:00,6.1225,0.24875,0.16774999999999998,0.079975,0.066275,0.038891666666666665,56000.0,568.0833333333334,93.0,546.0,3.0,0.32,тиха
2017-09-01 05:00:00,5.088333333333334,0.23091666666666666,0.1665,0.08485833333333333,0.06855,0.036458333333333336,39525.0,355.6666666666667,93.0,572.0,3.1,0.361,тиха
2017-09-01 06:00:00,4.650833333333334,0.22624999999999998,0.17458333333333334,0.08396666666666668,0.06304166666666668,0.03225833333333333,30216.666666666668,260.5833333333333,93.0,568.0,2.6,0.231,тиха
2017-09-01 07:00:00,4.104166666666667,0.2970833333333333,0.1905,0.08896666666666668,0.0717,0.03718333333333334,27158.333333333332,245.58333333333334,93.0,597.0,4.1,0.314,тиха
2017-09-01 08:00:00,3.965833333333333,0.26425,0.16733333333333333,0.09713333333333334,0.07159166666666666,0.03966666666666666,17233.333333333332,147.54999999999998,93.0,604.0,5.2,0.267,тиха
2017-09-01 09:00:00,2.263333333333333,0.22591666666666665,0.17433333333333334,0.08381666666666666,0.06749166666666666,0.0313,20483.333333333332,160.41666666666666,93.0,607.0,3.5,0.362,тиха
2017-09-01 10:00:00,3.3349999999999995,0.30816666666666664,0.216,0.09075,0.070625,0.03751666666666666,16708.333333333332,121.8,93.0,648.0,2.1,0.392,тиха
2017-09-01 11:00:00,1.6008333333333333,0.23216666666666666,0.16808333333333333,0.09356666666666667,0.07811666666666667,0.049999999999999996,7475.0,52.425000000000004,93.0,641.0,2.6,0.251,тиха
2017-09-01 12:00:00,4.664166666666667,0.22975,0.17800000000000002,0.08916666666666667,0.0716,0.036325,7482.5,73.20833333333333,93.0,618.0,2.3,0.309,тиха
2017-09-01 13:00:00,92.3,0.259,0.18175,0.0921,0.07029166666666666,0.04066666666666666,27100.0,580.3333333333334,93.0,620.0,2.2,0.322,тиха
2017-09-01 14:00:00,13.2675,0.24133333333333332,0.16641666666666666,0.08396666666666668,0.064225,0.03306666666666667,43533.333333333336,1334.1666666666667,93.0,617.0,2.5,0.289,тиха
2017-09-01 15:00:00,9.836666666666666,0.23324999999999999,0.16008333333333333,0.07635833333333333,0.060125000000000005,0.032933333333333335,53525.0,1819.1666666666667,93.0,659.0,2.1,0.309,тиха
2017-09-01 16:00:00,15.475000000000001,0.25333333333333335,0.19883333333333333,0.09131666666666667,0.07095,0.04095,62133.333333333336,2459.1666666666665,93.0,614.0,2.3,0.355,тиха
2017-09-01 17:00:00,14.208333333333334,0.24858333333333335,0.21008333333333332,0.118775,0.09079999999999999,0.041291666666666664,69883.33333333333,2957.5,93.0,642.0,2.2,0.354,тиха
2017-09-01 18:00:00,27.933333333333334,0.27925,0.19016666666666668,0.105375,0.08833333333333333,0.046033333333333336,83075.0,4348.333333333333,93.0,668.0,1.9,0.348,тиха
2017-09-01 19:00:00,24.400000000000002,0.2175,0.17408333333333334,0.08009999999999999,0.05975,0.027875,85150.0,4582.5,93.0,641.0,2.1,0.309,тиха
2017-09-01 20:00:00,33.94166666666667,0.2515,0.16674999999999998,0.10049999999999999,0.07975833333333333,0.046724999999999996,86125.0,4558.333333333333,93.0,640.0,1.9,0.206,тиха
2017-09-01 21:00:00,22.125,0.26016666666666666,0.16716666666666669,0.080175,0.06405833333333333,0.03355,76633.33333333333,3594.1666666666665,93.0,616.0,2.6,0.277,тиха
2017-09-01 22:00:00,20.441666666666666,0.30283333333333334,0.23275,0.10099999999999999,0.08224166666666667,0.045625,77433.33333333333,3280.8333333333335,93.0,619.0,2.2,0.385,тиха
2017-09-01 23:00:00,22.808333333333334,0.2353333333333333,0.1698333333333333,0.09231666666666666,0.07455,0.03769166666666667,61983.333333333336,2015.8333333333333,93.0,594.0,2.7,0.228,тиха
2017-09-02 00:00:00,26.46666666666667,0.27799999999999997,0.1698333333333333,0.07833333333333332,0.06163333333333334,0.03515,61900.0,1870.8333333333333,100.0,589.0,2.7,0.344,тиха
2017-09-02 01:00:00,18.345,0.26916666666666667,0.16383333333333333,0.06889166666666667,0.056525,0.030366666666666667,54116.666666666664,1309.1666666666667,100.0,577.0,3.2,0.306,тиха
2017-09-02 02:00:00,7.550833333333333,0.31133333333333335,0.20025,0.10274166666666666,0.084275,0.04171666666666667,31025.0,483.8333333333333,100.0,578.0,3.3,0.349,тиха
2017-09-02 03:00:00,6.313333333333333,0.2615,0.1728333333333333,0.082925,0.06478333333333333,0.03593333333333334,29616.666666666668,357.8333333333333,100.0,572.0,3.3,0.331,тиха
2017-09-02 04:00:00,19.969166666666666,0.21375,0.15075,0.07867500000000001,0.06668333333333333,0.03710833333333333,31350.0,421.8333333333333,100.0,574.0,3.2,0.2,тиха
2017-09-02 05:00:00,55.39166666666667,0.2588333333333333,0.1875,0.082175,0.06994166666666667,0.039483333333333336,51808.333333333336,1548.3333333333333,100.0,584.0,2.1,0.339,тиха
2017-09-02 06:00:00,30.46666666666667,0.23775000000000002,0.15583333333333335,0.07314166666666667,0.061950000000000005,0.03613333333333333,39550.0,1132.5833333333333,100.0,577.0,2.5,0.317,тиха
2017-09-02 07:00:00,18.669999999999998,0.20866666666666667,0.15866666666666665,0.08605833333333333,0.06753333333333333,0.035616666666666665,50608.333333333336,2184.8333333333335,100.0,573.0,2.2,0.266,тиха
2017-09-02 08:00:00,48.31666666666666,0.2891666666666667,0.20366666666666666,0.093275,0.07074166666666666,0.03916666666666666,103933.33333333333,7353.333333333333,100.0,571.0,2.3,0.412,тиха
2017-09-02 09:00:00,7.526666666666666,0.27566666666666667,0.18608333333333335,0.104875,0.08301666666666667,0.04550833333333334,46850.0,1786.5833333333333,100.0,570.0,2.1,0.357,тиха
2017-09-02 10:00:00,9.3225,0.21491666666666667,0.16741666666666666,0.08460833333333333,0.06479166666666666,0.033216666666666665,52775.0,2243.3333333333335,100.0,565.0,2.2,0.268,тиха
2017-09-02 11:00:00,12.216666666666667,0.27275,0.1775,0.08780833333333334,0.07323333333333333,0.04151666666666667,66300.0,3256.6666666666665,100.0,564.0,2.2,0.382,тиха
2017-09-02 12:00:00,8.681666666666667,0.291,0.19408333333333336,0.09876666666666667,0.0816,0.048108333333333336,61958.333333333336,2724.1666666666665,100.0,563.0,1.8,0.368,тиха
2017-09-02 13:00:00,6.565833333333334,0.24266666666666667,0.1765,0.09610833333333334,0.07768333333333334,0.03840833333333333,64141.666666666664,2980.8333333333335,100.0,561.0,1.8,0.343,тиха
2017-09-02 14:00:00,7.607500000000001,0.23500000000000001,0.16241666666666668,0.08918333333333334,0.07080833333333333,0.039625,79158.33333333333,4438.333333333333,100.0,561.0,1.3,0.272,тиха
2017-09-02 15:00:00,14.1075,0.2354166666666667,0.16608333333333333,0.08335833333333333,0.065925,0.03494166666666667,94808.33333333333,5697.5,100.0,559.0,1.3,0.306,тиха
2017-09-02 16:00:00,22.650000000000002,0.29925,0.19575,0.07857499999999999,0.059158333333333334,0.029333333333333333,118000.0,9022.5,100.0,557.0,1.7,0.306,тиха
2017-09-02 17:00:00,30.400000000000002,0.26366666666666666,0.17816666666666667,0.09990833333333334,0.07713333333333333,0.042083333333333334,136666.66666666666,13891.666666666666,100.0,556.0,2.4,0.252,тиха
2017-09-02 18:00:00,38.225,0.19483333333333333,0.14108333333333334,0.0785,0.06473333333333334,0.03170833333333333,155333.33333333334,19991.666666666668,100.0,556.0,2.7,0.188,тиха
2017-09-02 19:00:00,38.641666666666666,0.21108333333333332,0.15275,0.08323333333333334,0.06183333333333333,0.029333333333333333,164333.33333333334,23966.666666666668,100.0,556.0,2.8,0.259,тиха
2017-09-02 20:00:00,45.25833333333333,0.26233333333333336,0.1975,0.09510833333333334,0.06784166666666666,0.037658333333333335,166166.66666666666,24891.666666666668,100.0,558.0,3.3,0.312,тиха
2017-09-02 21:00:00,50.51666666666667,0.28575,0.217,0.11268333333333334,0.09006666666666667,0.04416666666666667,161000.0,23675.0,100.0,557.0,3.1,0.417,тиха
2017-09-02 22:00:00,43.39166666666667,0.25633333333333336,0.19599999999999998,0.11041666666666666,0.0814,0.0384,150666.66666666666,20533.333333333332,100.0,554.0,3.1,0.4,тиха
2017-09-02 23:00:00,31.766666666666666,0.3209166666666667,0.21583333333333332,0.12706666666666666,0.08850000000000001,0.039625,128333.33333333333,12750.0,100.0,549.0,2.3,0.378,тиха
2017-09-03 00:00:00,33.84166666666667,0.32025,0.20883333333333334,0.1033,0.073775,0.03775,145166.66666666666,16291.666666666666,120.0,550.0,1.4,0.305,тиха
2017-09-03 01:00:00,17.175,0.30916666666666665,0.21966666666666668,0.08489999999999999,0.06259166666666667,0.03305,128750.0,12000.0,120.0,539.0,1.7,0.382,тиха
2017-09-03 02:00:00,14.85,0.30258333333333337,0.19666666666666666,0.07870833333333334,0.057508333333333335,0.0292,106325.0,7565.0,120.0,550.0,1.6,0.354,тиха
2017-09-03 03:00:00,10.786666666666667,0.25375,0.17016666666666666,0.09618333333333333,0.07541666666666667,0.032933333333333335,105891.66666666667,6961.666666666667,120.0,547.0,1.6,0.3,тиха
2017-09-03 04:00:00,5.6525,0.2795,0.20183333333333334,0.08765833333333334,0.07071666666666666,0.03911666666666667,76000.0,3464.1666666666665,120.0,553.0,1.0,0.328,тиха
2017-09-03 05:00:00,4.900833333333334,0.31316666666666665,0.21925000000000003,0.10889166666666666,0.08339999999999999,0.0368,64633.333333333336,2530.0,120.0,547.0,1.1,0.517,тиха
2017-09-03 06:00:00,4.835833333333333,0.3073333333333333,0.22116666666666665,0.10241666666666667,0.08161666666666667,0.04381666666666667,67508.33333333333,2774.1666666666665,120.0,548.0,0.9,0.391,тиха
2017-09-03 07:00:00,4.474166666666666,0.30633333333333335,0.21808333333333332,0.09058333333333334,0.07105833333333333,0.03286666666666666,61541.666666666664,2630.8333333333335,120.0,507.0,1.4,0.325,тиха
2017-09-03 08:00:00,4.505833333333333,0.31916666666666665,0.21316666666666664,0.1084,0.07534166666666667,0.03598333333333333,60025.0,2653.3333333333335,120.0,497.0,1.9,0.346,тиха
2017-09-03 09:00:00,4.326666666666667,0.33383333333333337,0.2175,0.10838333333333333,0.07598333333333333,0.039841666666666664,55566.666666666664,2344.1666666666665,120.0,493.0,2.1,0.4,тиха
2017-09-03 10:00:00,2.9408333333333334,0.27375,0.20650000000000002,0.10744166666666666,0.07589166666666666,0.04264166666666667,64741.666666666664,2900.0,120.0,503.0,1.5,0.301,тиха
2017-09-03 11:00:00,4.460833333333333,0.29275,0.18333333333333335,0.091775,0.06569166666666666,0.03166666666666667,84083.33333333333,4889.166666666667,120.0,488.0,1.6,0.367,тиха
2017-09-03 12:00:00,4.469166666666667,0.27725,0.20583333333333334,0.10108333333333334,0.07929166666666666,0.04344166666666666,89875.0,5613.333333333333,120.0,469.0,2.0,0.312,тиха
2017-09-03 13:00:00,6.178333333333334,0.27575,0.2070833333333333,0.09857500000000001,0.07001666666666667,0.03254166666666667,98850.0,6810.0,120.0,466.0,2.1,0.348,тиха
2017-09-03 14:00:00,9.641666666666667,0.3146666666666667,0.24041666666666664,0.12119999999999999,0.08198333333333334,0.03739166666666666,102683.33333333333,7462.5,120.0,467.0,2.7,0.532,тиха
2017-09-03 15:00:00,44.45416666666667,0.3025833333333333,0.19983333333333334,0.10719166666666667,0.08424166666666666,0.041808333333333336,123666.66666666667,10634.166666666666,120.0,463.0,2.6,0.308,тиха
2017-09-03 16:00:00,18.95,0.2585,0.17725,0.08897500000000001,0.06776666666666667,0.03631666666666667,157583.33333333334,20441.666666666668,120.0,460.0,2.3,0.322,тиха
2017-09-03 17:00:00,16.866666666666667,0.24683333333333335,0.18200000000000002,0.09615,0.06874166666666666,0.03605,170583.33333333334,26100.0,120.0,462.0,2.0,0.291,тиха
2017-09-03 18:00:00,17.616666666666667,0.23816666666666667,0.19999999999999998,0.11709166666666666,0.07463333333333333,0.03644166666666667,175583.33333333334,29158.333333333332,120.0,461.0,1.7,0.295,тиха
2017-09-03 19:00:00,25.308333333333334,0.29475,0.19966666666666666,0.09415,0.07011666666666667,0.03988333333333333,180416.66666666666,32341.666666666668,120.0,474.0,1.2,0.497,тиха
2017-09-03 20:00:00,25.34166666666667,0.27508333333333335,0.20066666666666666,0.09871666666666666,0.07751666666666666,0.041925,179750.0,32591.666666666668,120.0,463.0,2.1,0.356,тиха
2017-09-03 21:00:00,30.916666666666668,0.24108333333333334,0.1688333333333333,0.08935,0.072475,0.037866666666666667,182333.33333333334,34516.666666666664,120.0,467.0,2.7,0.313,тиха
2017-09-03 22:00:00,31.333333333333332,0.2628333333333333,0.19625,0.091375,0.07395833333333333,0.043258333333333336,178666.66666666666,32933.333333333336,120.0,470.0,2.7,0.359,тиха
2017-09-03 23:00:00,23.125,0.25116666666666665,0.17425000000000002,0.10258333333333332,0.0805,0.04044166666666667,176000.0,29716.666666666668,120.0,486.0,2.0,0.237,тиха
2017-09-04 00:00:00,14.255,0.23566666666666666,0.15316666666666667,0.08658333333333333,0.06883333333333333,0.038808333333333334,155333.33333333334,21207.5,140.0,499.0,2.0,0.209,тиха
2017-09-04 01:00:00,16.526666666666667,0.29433333333333334,0.20483333333333334,0.105525,0.07966666666666666,0.04046666666666667,153666.66666666666,21050.0,140.0,471.0,2.5,0.378,тиха
2017-09-04 02:00:00,13.0375,0.24858333333333335,0.16091666666666668,0.08690833333333332,0.06799166666666667,0.037225,134000.0,15775.0,140.0,464.0,2.5,0.263,тиха
2017-09-04 03:00:00,6.4991666666666665,0.28833333333333333,0.18608333333333335,0.08455,0.06624166666666666,0.033683333333333336,99141.66666666667,7747.5,140.0,468.0,2.0,0.345,тиха
2017-09-04 04:00:00,10.7675,0.256,0.17125,0.089725,0.07266666666666667,0.04103333333333333,116916.66666666667,11185.0,140.0,467.0,1.6,0.281,тиха
2017-09-04 05:00:00,6.724166666666666,0.2788333333333333,0.20191666666666666,0.08447500000000001,0.06389166666666667,0.033716666666666666,101866.66666666667,8288.333333333334,140.0,463.0,1.6,0.361,тиха
2017-09-04 06:00:00,6.0575,0.26616666666666666,0.1745,0.08304166666666667,0.06803333333333333,0.03419166666666667,87675.0,6520.0,140.0,452.0,2.3,0.327,тиха
2017-09-04 07:00:00,6.465833333333333,0.26208333333333333,0.17149999999999999,0.08548333333333334,0.06855833333333333,0.031716666666666664,90600.0,7410.833333333333,140.0,,,0.294,тиха
2017-09-04 08:00:00,4.010833333333333,0.256,0.19583333333333333,0.086625,0.07003333333333334,0.036491666666666665,73483.33333333333,5048.333333333333,140.0,,,0.336,тиха
2017-09-04 09:00:00,3.268333333333333,0.30341666666666667,0.22033333333333335,0.105925,0.081975,0.04648333333333333,60475.0,3715.8333333333335,140.0,,,0.302,тиха
2017-09-04 10:00:00,3.1791666666666667,0.25216666666666665,0.18183333333333332,0.10189999999999999,0.081675,0.054125,64383.333333333336,4122.5,140.0,,,0.28,тиха
2017-09-04 11:00:00,5.274166666666667,0.2950833333333333,0.18691666666666665,0.08952500000000001,0.06398333333333334,0.033633333333333335,79933.33333333333,6345.833333333333,140.0,,,0.276,тиха
2017-09-04 12:00:00,2.965,0.21775,0.1535,0.08921666666666667,0.07121666666666666,0.037233333333333334,80516.66666666667,6080.0,140.0,,,0.239,тиха
2017-09-04 13:00:00,3.061666666666667,0.2758333333333333,0.19283333333333333,0.10454166666666666,0.08378333333333333,0.041341666666666665,76733.33333333333,6015.833333333333,140.0,,,0.329,тиха
2017-09-04 14:00:00,7.279166666666666,0.2313333333333333,0.17058333333333334,0.08650833333333334,0.07066666666666667,0.037375,83025.0,8552.5,140.0,,,0.313,тиха
2017-09-04 15:00:00,15.25,0.24283333333333335,0.16624999999999998,0.07890833333333333,0.06515833333333333,0.0339,105325.0,13983.333333333334,140.0,460.0,6.0,0.352,тиха
2017-09-04 16:00:00,20.141666666666666,0.2648333333333333,0.17941666666666667,0.09185833333333333,0.074275,0.0412,115666.66666666667,15900.0,140.0,458.0,7.8,0.303,тиха
2017-09-04 17:00:00,28.233333333333334,0.28225,0.21325000000000002,0.109875,0.08739166666666666,0.050633333333333336,133333.33333333334,22350.0,140.0,463.0,7.6,0.331,тиха
2017-09-04 18:00:00,45.425000000000004,0.2531666666666667,0.1765,0.08140833333333333,0.0659,0.03503333333333333,167666.66666666666,37216.666666666664,140.0,477.0,5.9,0.322,тиха
2017-09-04 19:00:00,52.4,0.3080833333333333,0.22408333333333333,0.08665,0.06814166666666667,0.0397,161500.0,37116.666666666664,140.0,478.0,6.7,0.326,тиха
2017-09-04 20:00:00,50.63333333333333,0.2776666666666667,0.20975,0.08849166666666668,0.06940833333333334,0.035375,114166.66666666667,18266.666666666668,140.0,501.0,4.2,0.408,тиха
2017-09-04 21:00:00,35.46666666666667,0.26308333333333334,0.18699999999999997,0.08628333333333334,0.06995,0.040016666666666666,114333.33333333333,15433.333333333334,140.0,516.0,4.6,0.491,тиха
2017-09-04 22:00:00,40.516666666666666,0.7811666666666667,0.328,0.14265,0.092675,0.03949166666666667,112525.0,14996.666666666666,140.0,523.0,4.8,0.64,тиха
2017-09-04 23:00:00,62.50833333333333,6.2316666666666665,2.8858333333333337,0.42083333333333334,0.16674166666666668,0.06079166666666667,69616.66666666667,6190.833333333333,140.0,559.0,5.4,4.46,тиха
2017-09-05 00:00:00,79.54166666666667,16.895,7.9875,0.6569166666666667,0.2005,0.06379166666666668,53158.333333333336,3685.8333333333335,121.0,566.0,4.4,11.4,активна
2017-09-05 01:00:00,117.125,49.708333333333336,18.841666666666665,0.8109999999999999,0.17845833333333336,0.045875,45900.0,2590.8333333333335,121.0,583.0,2.1,23.4,активна
2017-09-05 02:00:00,225.08333333333334,105.61666666666667,32.625,0.6855833333333333,0.142325,0.04446666666666666,31350.0,1389.1666666666667,121.0,576.0,1.9,41.9,активна
2017-09-05 03:00:00,368.0,166.66666666666666,47.74166666666667,0.4828333333333333,0.10903333333333333,0.05363333333333333,30658.333333333332,1335.0,121.0,577.0,1.9,51.3,активна
2017-09-05 04:00:00,469.0833333333333,216.16666666666666,58.86666666666667,0.62775,0.11900833333333333,0.039141666666666665,32708.333333333332,1525.0,121.0,570.0,1.9,68.0,активна
2017-09-05 05:00:00,725.5,289.5833333333333,67.71666666666667,0.7135833333333333,0.13615833333333333,0.04601666666666667,26033.333333333332,1303.3333333333333,121.0,558.0,2.2,71.5,активна
2017-09-05 06:00:00,951.8333333333334,329.5,69.23333333333333,0.7203333333333334,0.12890833333333332,0.04099166666666667,19558.333333333332,1126.3333333333333,121.0,551.0,1.8,75.1,активна
2017-09-05 07:00:00,997.0,346.5,77.71666666666667,0.639,0.11649166666666666,0.04611666666666667,32758.333333333332,1748.3333333333333,121.0,550.0,1.5,82.8,активна
2017-09-05 08:00:00,881.0,300.8333333333333,73.33333333333333,0.6588333333333333,0.12649166666666667,0.045325,37041.666666666664,1842.5,121.0,551.0,1.3,80.2,активна
2017-09-05 09:00:00,821.3333333333334,301.9166666666667,70.19166666666666,0.6305,0.12471666666666666,0.04675833333333334,34400.0,1684.1666666666667,121.0,547.0,1.0,73.7,активна
2017-09-05 10:00:00,840.5833333333334,314.4166666666667,68.91666666666667,0.5519166666666667,0.10175000000000001,0.039183333333333334,35908.333333333336,1770.8333333333333,121.0,523.0,0.8,77.8,активна
2017-09-05 11:00:00,807.5,346.4166666666667,86.69166666666666,0.6954166666666667,0.12689999999999999,0.04860833333333334,37941.666666666664,1972.5,121.0,540.0,0.9,102.0,активна
2017-09-05 12:00:00,750.25,315.3333333333333,79.75,0.7875833333333334,0.150025,0.057999999999999996,44900.0,2200.8333333333335,121.0,526.0,1.0,87.2,активна
2017-09-05 13:00:00,683.25,307.5833333333333,78.93333333333334,0.6263333333333333,0.12185000000000001,0.05035833333333333,53308.333333333336,2724.1666666666665,121.0,480.0,1.2,87.4,активна
2017-09-05 14:00:00,541.5,264.1666666666667,76.26666666666667,0.7865000000000001,0.140775,0.04829166666666667,59958.333333333336,3225.0,121.0,474.0,1.5,79.6,активна
2017-09-05 15:00:00,483.5833333333333,260.5833333333333,81.76666666666667,0.6804166666666668,0.11525833333333334,0.044191666666666664,67033.33333333333,3924.1666666666665,121.0,502.0,1.3,98.6,активна
2017-09-05 16:00:00,406.3333333333333,224.58333333333334,76.38333333333334,0.4945,0.095775,0.04235833333333333,74766.66666666667,4898.333333333333,121.0,498.0,1.2,80.3,активна
2017-09-05 17:00:00,567.5833333333334,307.0833333333333,89.66666666666667,0.7333333333333334,0.12771666666666667,0.044191666666666664,84325.0,6626.666666666667,121.0,472.0,1.6,103.0,активна
2017-09-05 18:00:00,734.1666666666666,382.8333333333333,98.74166666666667,0.6284166666666666,0.12716666666666668,0.05673333333333333,84950.0,7125.0,121.0,452.0,2.3,122.0,активна
2017-09-05 19:00:00,1285.5833333333333,540.3333333333334,134.66666666666666,0.7173333333333334,0.1154,0.049675000000000004,99583.33333333333,8038.333333333333,121.0,447.0,2.4,150.0,активна
2017-09-05 20:00:00,1000.9166666666666,380.8333333333333,113.75,0.6145833333333334,0.10751666666666666,0.050875000000000004,109916.66666666667,9933.333333333334,121.0,446.0,2.2,126.0,активна
2017-09-05 21:00:00,789.4166666666666,297.25,92.43333333333334,0.54625,0.09035,0.041091666666666665,113333.33333333333,11191.666666666666,121.0,447.0,2.6,105.0,активна
2017-09-05 22:00:00,707.75,262.8333333333333,84.675,0.5555833333333333,0.1102,0.054549999999999994,105250.0,9760.833333333334,121.0,446.0,3.2,93.9,активна
2017-09-05 23:00:00,734.6666666666666,219.91666666666666,67.175,0.5693333333333334,0.10729166666666667,0.045991666666666674,99383.33333333333,8360.833333333334,121.0,447.0,2.9,80.0,активна
2017-09-06 00:00:00,695.9166666666666,153.33333333333334,45.59166666666667,0.379,0.08121666666666667,0.038775,94925.0,7293.333333333333,133.0,452.0,2.3,52.1,активна
2017-09-06 01:00:00,700.5,166.41666666666666,48.9,0.3925,0.084075,0.038625,86758.33333333333,6000.833333333333,133.0,454.0,2.2,56.9,активна
2017-09-06 02:00:00,580.0833333333334,137.5,35.75833333333333,0.30833333333333335,0.07351666666666666,0.03696666666666667,79541.66666666667,4900.833333333333,133.0,461.0,2.4,44.9,активна
2017-09-06 03:00:00,523.0833333333334,95.69166666666666,21.875,0.30341666666666667,0.07781666666666666,0.03513333333333333,72866.66666666667,3920.0,133.0,456.0,4.9,24.5,активна
2017-09-06 04:00:00,965.75,123.75,21.158333333333335,0.26433333333333336,0.070925,0.033183333333333336,59775.0,2608.3333333333335,133.0,454.0,4.5,24.1,активна
2017-09-06 05:00:00,674.6666666666666,100.08333333333333,17.491666666666667,0.26625,0.07311666666666666,0.03223333333333333,55741.666666666664,2446.6666666666665,133.0,455.0,2.7,20.1,активна
2017-09-06 06:00:00,649.8333333333334,125.0,16.983333333333334,0.30975,0.093125,0.040516666666666666,51141.666666666664,2355.0,133.0,457.0,2.3,18.7,активна
2017-09-06 07:00:00,1039.5,194.33333333333334,21.291666666666668,0.2725,0.081575,0.041325,48408.333333333336,2420.8333333333335,133.0,449.0,2.4,23.8,активна
2017-09-06 08:00:00,1575.8333333333333,179.83333333333334,18.641666666666666,0.28241666666666665,0.08241666666666667,0.03750833333333333,38425.0,1903.3333333333333,133.0,447.0,2.7,21.9,активна
2017-09-06 09:00:00,1291.6666666666667,156.75,16.866666666666667,0.21675,0.06699166666666666,0.037225,43191.666666666664,2210.0,133.0,445.0,2.8,19.8,активна
2017-09-06 10:00:00,1138.8333333333333,155.41666666666666,16.875,0.28258333333333335,0.08564166666666667,0.039349999999999996,45941.666666666664,2541.6666666666665,133.0,445.0,2.4,19.3,активна
2017-09-06 11:00:00,1203.3333333333333,165.83333333333334,15.508333333333333,0.23983333333333334,0.07680833333333333,0.039266666666666665,44225.0,2702.5,133.0,442.0,2.9,16.8,активна
2017-09-06 12:00:00,1317.5,173.33333333333334,16.283333333333335,0.4539166666666667,0.18079166666666668,0.09011666666666666,47783.333333333336,3335.0,133.0,442.0,2.1,17.6,активна
2017-09-06 13:00:00,1100.75,169.25,18.650000000000002,2.9158333333333335,1.312,0.32383333333333336,61316.666666666664,4699.166666666667,133.0,443.0,2.0,20.1,активна
2017-09-06 14:00:00,813.9166666666666,160.08333333333334,19.741666666666667,3.6275,1.5283333333333333,0.3125833333333333,74183.33333333333,6198.333333333333,133.0,443.0,1.8,23.4,активна
2017-09-06 15:00:00,1014.5833333333334,192.16666666666666,26.558333333333334,4.204166666666667,1.575,0.2910833333333333,83050.0,7238.333333333333,133.0,442.0,1.6,27.7,активна
2017-09-06 16:00:00,877.25,121.675,21.666666666666668,3.7808333333333333,1.3905,0.26366666666666666,103858.33333333333,10922.5,133.0,424.0,1.1,25.6,активна
2017-09-06 17:00:00,568.1666666666666,71.74166666666666,19.241666666666667,3.0316666666666667,1.03425,0.19758333333333333,108916.66666666667,12300.0,133.0,395.0,1.1,22.1,активна
2017-09-06 18:00:00,454.3333333333333,60.5,19.016666666666666,2.8383333333333334,0.9599166666666666,0.19833333333333333,104000.0,12025.0,133.0,370.0,2.3,21.7,активна
2017-09-06 19:00:00,467.8333333333333,55.458333333333336,19.075,2.8633333333333333,0.8870833333333333,0.15698333333333334,105500.0,12425.0,133.0,374.0,2.0,22.7,активна
2017-09-06 20:00:00,435.25,50.875,19.841666666666665,2.5483333333333333,0.7149166666666668,0.12541666666666665,104083.33333333333,12233.333333333334,133.0,412.0,0.7,21.7,активна
2017-09-06 21:00:00,438.0,50.525,21.058333333333334,2.4625,0.6685833333333333,0.123975,107000.0,12908.333333333334,133.0,393.0,1.1,23.3,активна
2017-09-06 22:00:00,527.0833333333334,67.80833333333334,25.825,2.63,0.6853333333333333,0.12969166666666668,106416.66666666667,12975.0,133.0,397.0,1.3,28.2,активна
2017-09-06 23:00:00,3762.3333333333335,324.675,38.166666666666664,2.4525,0.5690833333333333,0.1023,110183.33333333333,14333.333333333334,133.0,560.0,10.6,83.1,активна
2017-09-07 00:00:00,15908.333333333334,615.75,35.43333333333333,2.3158333333333334,0.5405833333333333,0.09210833333333333,90858.33333333333,11017.5,129.0,579.0,17.5,43.6,активна
2017-09-07 01:00:00,11870.833333333334,400.4166666666667,67.84166666666667,4.62,0.8030833333333334,0.08410833333333334,66050.0,6749.166666666667,129.0,592.0,13.0,102.0,активна
2017-09-07 02:00:00,7450.0,631.3333333333334,205.25,9.295833333333333,1.2133333333333334,0.0756,53091.666666666664,5149.166666666667,129.0,599.0,7.7,270.0,активна
2017-09-07 03:00:00,4970.0,1014.1666666666666,294.25,10.599166666666667,1.21475,0.06776666666666667,28172.5,3496.6666666666665,129.0,593.0,8.0,317.0,активна
2017-09-07 04:00:00,4465.833333333333,972.6666666666666,287.1666666666667,10.450000000000001,1.1833333333333333,0.05734166666666666,1662.0833333333333,1294.1666666666667,129.0,575.0,7.3,299.0,активна
2017-09-07 05:00:00,4481.666666666667,912.25,251.83333333333334,8.98,1.0353333333333332,0.05608333333333334,10177.5,1557.5,129.0,564.0,6.1,284.0,активна
2017-09-07 06:00:00,3244.1666666666665,616.3333333333334,152.53333333333333,5.655,0.7789166666666666,0.07116666666666667,12600.0,1224.75,129.0,547.0,5.9,192.0,активна
2017-09-07 07:00:00,2167.5,454.5833333333333,102.71666666666665,2.8033333333333332,0.38966666666666666,0.0541,10090.833333333334,813.8333333333334,129.0,542.0,4.9,129.0,активна
2017-09-07 08:00:00,1800.8333333333333,423.5833333333333,85.06666666666666,2.1149999999999998,0.3144166666666667,0.05503333333333333,10378.333333333334,698.9166666666666,129.0,539.0,3.3,114.0,активна
2017-09-07 09:00:00,2186.6666666666665,459.6666666666667,97.675,2.5,0.3349166666666667,0.04328333333333333,15195.0,1157.4166666666667,129.0,536.0,3.1,118.0,активна
2017-09-07 10:00:00,2785.8333333333335,744.6666666666666,173.58333333333334,3.268333333333333,0.39675,0.063425,10502.5,1278.5,129.0,518.0,3.1,255.0,активна
2017-09-07 11:00:00,2538.3333333333335,636.0833333333334,142.83333333333334,5.302499999999999,0.6556666666666667,0.04003333333333333,13380.0,1134.9166666666667,129.0,556.0,2.8,182.0,активна
2017-09-07 12:00:00,1939.1666666666667,511.5,132.01666666666668,4.019166666666666,0.5143333333333333,0.05275833333333333,8595.0,792.0833333333334,129.0,551.0,4.0,166.0,активна
2017-09-07 13:00:00,1255.0,326.6666666666667,88.78333333333335,2.5666666666666664,0.37975000000000003,0.063725,12525.0,649.6666666666666,129.0,537.0,4.3,94.2,активна
2017-09-07 14:00:00,1115.0,358.1666666666667,109.41666666666667,3.0816666666666666,0.39266666666666666,0.05101666666666666,17891.666666666668,820.5833333333334,129.0,510.0,4.2,125.0,активна
2017-09-07 15:00:00,931.25,294.5,82.36666666666666,2.2066666666666666,0.2796666666666667,0.035916666666666666,20600.0,800.6666666666666,129.0,524.0,3.6,105.0,активна
2017-09-07 16:00:00,859.9166666666666,271.0,80.61666666666666,1.9974999999999998,0.26258333333333334,0.041841666666666666,23575.0,930.4166666666666,129.0,535.0,2.7,87.3,активна
2017-09-07 17:00:00,742.3333333333334,246.58333333333334,88.925,2.158333333333333,0.2544166666666667,0.034791666666666665,25150.0,997.8333333333334,129.0,494.0,2.7,97.7,активна
2017-09-07 18:00:00,600.75,187.58333333333334,75.98333333333333,1.9749999999999999,0.24491666666666667,0.03725833333333333,25600.0,960.5833333333334,129.0,498.0,1.7,78.5,активна
2017-09-07 19:00:00,671.2727272727273,197.27272727272728,80.23636363636363,2.1054545454545455,0.2889090909090909,0.05506363636363636,28309.090909090908,1053.7272727272727,129.0,520.0,1.5,87.5,активна
2017-09-07 20:00:00,816.9166666666666,285.5833333333333,121.18333333333334,2.9266666666666663,0.3055833333333334,0.033425,29550.0,1346.6666666666667,129.0,458.0,3.3,182.0,активна
2017-09-07 21:00:00,1954.1666666666667,773.0833333333334,229.25,6.415,0.6325833333333334,0.030808333333333337,28491.666666666668,1935.8333333333333,129.0,462.0,1.5,271.0,активна
2017-09-07 22:00:00,6137.5,1058.4166666666667,214.16666666666666,4.1525,0.4033333333333333,0.03333333333333333,29558.333333333332,2100.8333333333335,129.0,555.0,3.6,245.0,активна
2017-09-07 23:00:00,8985.833333333334,1527.1666666666667,339.0833333333333,11.864166666666668,1.2145833333333333,0.02654166666666667,1208.6666666666667,1546.0833333333333,129.0,745.0,1.0,713.0,активна
2017-09-08 00:00:00,5642.5,744.4166666666666,184.20833333333334,12.383333333333333,1.8191666666666666,0.07196666666666666,216.71666666666667,763.75,117.0,718.0,3.4,279.0,активна
2017-09-08 01:00:00,5160.833333333333,516.9166666666666,120.10000000000001,7.857500000000001,1.1460833333333333,0.039,235.75833333333333,492.6666666666667,117.0,708.0,1.3,175.0,активна
2017-09-08 02:00:00,2767.5,351.25,88.72500000000001,5.579166666666667,0.8045,0.026708333333333334,443.6666666666667,373.9166666666667,117.0,710.0,2.5,94.9,активна
2017-09-08 03:00:00,2674.1666666666665,332.5833333333333,83.41666666666667,4.349166666666666,0.60525,0.02824166666666667,929.0833333333334,360.4166666666667,117.0,703.0,3.4,96.6,активна
2017-09-08 04:00:00,3457.5,489.5,119.3,6.578333333333333,0.87575,0.02638333333333333,667.6666666666666,534.5,117.0,674.0,3.0,147.0,активна
2017-09-08 05:00:00,4132.5,557.75,126.08333333333333,5.565833333333334,0.6961666666666666,0.026525000000000003,2138.3333333333335,593.5,117.0,671.0,4.8,163.0,активна
2017-09-08 06:00:00,2219.1666666666665,301.8333333333333,71.09166666666667,3.249166666666667,0.44683333333333336,0.02675,2279.1666666666665,332.1666666666667,117.0,713.0,2.7,86.5,активна
2017-09-08 07:00:00,2329.1666666666665,255.75,55.550000000000004,2.0905,0.3035,0.032591666666666665,2491.6666666666665,261.8333333333333,117.0,741.0,3.0,62.0,активна
2017-09-08 08:00:00,2898.3333333333335,268.4166666666667,53.025,1.6409166666666666,0.23016666666666666,0.028216666666666668,2338.3333333333335,268.75,117.0,769.0,5.7,57.3,активна
2017-09-08 09:00:00,2585.0,234.41666666666666,44.85833333333333,0.86475,0.16341666666666668,0.045075000000000004,1725.0,237.83333333333334,117.0,762.0,7.0,48.6,активна
2017-09-08 10:00:00,2210.0,203.16666666666666,38.00833333333333,0.7200000000000001,0.15084166666666668,0.045691666666666665,1522.5,210.0,117.0,763.0,6.6,42.0,активна
2017-09-08 11:00:00,1674.5833333333333,161.5,29.724999999999998,0.4076666666666667,0.0883,0.03316666666666667,2188.3333333333335,173.91666666666666,117.0,764.0,3.9,35.2,активна
2017-09-08 12:00:00,6120.583333333333,65.59166666666667,12.045833333333334,0.24850000000000003,0.06805833333333333,0.029208333333333336,4426.916666666667,79.27499999999999,117.0,802.0,2.7,16.6,активна
2017-09-08 13:00:00,6297.5,44.4,8.6275,0.20791666666666667,0.06005,0.027116666666666667,13912.683333333334,237.26666666666665,117.0,806.0,4.3,10.2,активна
2017-09-08 14:00:00,535.4166666666666,45.833333333333336,8.7225,0.21716666666666665,0.061941666666666666,0.027625,1237.99,83.0,117.0,787.0,4.9,10.4,активна
2017-09-08 15:00:00,607.5,34.541666666666664,6.658333333333334,0.19366666666666665,0.058741666666666664,0.0267,4552.083333333333,186.24166666666667,117.0,776.0,3.6,7.69,тиха
2017-09-08 16:00:00,6871.666666666667,35.21666666666667,7.275833333333334,0.19641666666666668,0.05861666666666667,0.0267,12006.666666666666,324.4166666666667,117.0,795.0,3.0,9.6,тиха
2017-09-08 17:00:00,2148.6666666666665,56.14166666666667,10.387500000000001,0.20941666666666667,0.058041666666666665,0.0267,23575.0,1059.6666666666667,117.0,777.0,2.8,11.5,активна
2017-09-08 18:00:00,2196.6666666666665,59.75833333333333,10.555833333333334,0.23750000000000002,0.06815,0.029133333333333334,39816.666666666664,2759.1666666666665,117.0,749.0,2.6,11.6,активна
2017-09-08 19:00:00,1599.3333333333333,48.94166666666666,9.894166666666667,0.24375,0.07355,0.03444166666666667,66533.33333333333,4326.666666666667,117.0,728.0,1.3,11.4,активна
2017-09-08 20:00:00,965.5833333333334,58.46666666666667,10.663333333333332,0.2323333333333333,0.07713333333333333,0.04464166666666667,77716.66666666667,4620.833333333333,117.0,675.0,0.9,11.5,активна
2017-09-08 21:00:00,1337.5,41.208333333333336,8.403333333333334,0.2125,0.0668,0.034525,104275.0,5638.333333333333,117.0,666.0,0.7,9.82,тиха
2017-09-08 22:00:00,769.0833333333334,37.46666666666667,7.800833333333333,0.21516666666666664,0.07277499999999999,0.0404,119666.66666666667,7117.5,117.0,715.0,0.2,8.84,тиха
2017-09-08 23:00:00,784.9166666666666,26.141666666666666,6.355833333333333,0.22808333333333333,0.08154166666666667,0.04571666666666666,166000.0,12309.166666666666,117.0,699.0,0.2,7.78,тиха
2017-09-09 00:00:00,549.5,22.733333333333334,6.044999999999999,0.21741666666666667,0.07258333333333333,0.0354,151166.66666666666,10765.0,107.0,634.0,0.3,6.55,тиха
2017-09-09 01:00:00,424.8333333333333,28.366666666666664,5.7749999999999995,0.19891666666666666,0.06645,0.033499999999999995,137833.33333333334,8130.0,107.0,614.0,0.3,6.57,тиха
2017-09-09 02:00:00,360.9166666666667,20.666666666666668,4.788333333333333,0.2051666666666667,0.07073333333333333,0.03386666666666666,153000.0,9301.666666666666,107.0,656.0,0.3,5.17,тиха
2017-09-09 03:00:00,298.0833333333333,18.575,4.655833333333334,0.1885,0.061925,0.027133333333333332,151000.0,7872.5,107.0,606.0,0.3,5.37,тиха
2017-09-09 04:00:00,291.4166666666667,15.383333333333333,3.9274999999999998,0.18866666666666665,0.07315,0.039599999999999996,155583.33333333334,7635.0,107.0,564.0,0.5,4.23,тиха
2017-09-09 05:00:00,230.33333333333334,11.015833333333333,3.4975,0.17958333333333332,0.06264166666666666,0.02915,157750.0,8055.0,107.0,555.0,0.8,3.89,тиха
2017-09-09 06:00:00,211.25,7.364166666666667,2.8275,0.18983333333333333,0.07785833333333333,0.04415,172583.33333333334,10145.0,107.0,557.0,0.5,3.5,тиха
2017-09-09 07:00:00,199.33333333333334,6.594166666666666,2.8841666666666668,0.17916666666666667,0.06809166666666666,0.034333333333333334,176166.66666666666,11508.333333333334,107.0,556.0,0.6,3.52,тиха
2017-09-09 08:00:00,215.41666666666666,7.0375000000000005,2.876666666666667,0.18325,0.071575,0.03784166666666667,176583.33333333334,11691.666666666666,107.0,563.0,0.5,3.26,тиха
2017-09-09 09:00:00,209.75,4.8475,2.0941666666666667,0.18083333333333332,0.07667500000000001,0.042583333333333334,180000.0,12350.0,107.0,563.0,0.6,2.77,тиха
2017-09-09 10:00:00,185.5,3.1108333333333333,1.5136666666666667,0.16674999999999998,0.072925,0.038516666666666664,181666.66666666666,12483.333333333334,107.0,568.0,0.5,2.28,тиха
2017-09-09 11:00:00,189.66666666666666,2.5366666666666666,1.1858333333333333,0.16125,0.07281666666666667,0.038108333333333334,184500.0,12733.333333333334,107.0,569.0,0.4,1.99,тиха
2017-09-09 12:00:00,165.25,3.01,1.6135833333333334,0.17466666666666666,0.07989166666666667,0.04551666666666667,176000.0,11625.0,107.0,569.0,0.3,2.35,тиха
2017-09-09 13:00:00,224.66666666666666,4.983333333333333,1.9775,0.17300000000000001,0.07845,0.044066666666666664,178833.33333333334,12258.333333333334,107.0,568.0,0.3,2.36,тиха
2017-09-09 14:00:00,223.16666666666666,3.1233333333333335,1.12875,0.16066666666666665,0.07821666666666667,0.043325,184083.33333333334,13325.0,107.0,573.0,0.3,2.25,тиха
2017-09-09 15:00:00,192.75,2.7016666666666667,1.1503333333333334,0.16475,0.0847,0.049683333333333336,186000.0,14025.0,107.0,557.0,0.2,1.66,тиха
2017-09-09 16:00:00,173.5,2.2116666666666664,1.0459166666666666,0.16616666666666666,0.086575,0.051658333333333334,186000.0,14958.333333333334,107.0,566.0,0.2,1.35,тиха
2017-09-09 17:00:00,130.17499999999998,1.2359166666666666,0.7590833333333333,0.15358333333333332,0.08266666666666667,0.04755,186000.0,15391.666666666666,107.0,564.0,0.2,0.951,тиха
2017-09-09 18:00:00,92.65833333333335,0.60775,0.461,0.14016666666666666,0.078125,0.042866666666666664,186000.0,15700.0,107.0,550.0,0.1,0.647,тиха
2017-09-09 19:00:00,101.15833333333335,0.6733333333333333,0.46408333333333335,0.13708333333333333,0.07549166666666667,0.040625,186000.0,15975.0,107.0,533.0,0.2,0.788,тиха
2017-09-09 20:00:00,100.75833333333333,0.52475,0.38999999999999996,0.14583333333333334,0.084175,0.04591666666666667,193833.33333333334,17050.0,107.0,499.0,0.3,0.597,тиха
2017-09-09 21:00:00,106.33333333333333,0.4498333333333333,0.31825,0.12616666666666668,0.07075833333333333,0.03646666666666667,197000.0,17091.666666666668,107.0,488.0,0.3,0.661,тиха
2017-09-09 22:00:00,108.28333333333335,0.50675,0.3621666666666667,0.14341666666666666,0.0822,0.04479166666666667,197000.0,17158.333333333332,107.0,495.0,0.3,0.572,тиха
2017-09-09 23:00:00,106.8,0.43674999999999997,0.3095833333333333,0.129875,0.07465833333333334,0.040424999999999996,193083.33333333334,16591.666666666668,107.0,473.0,0.6,0.451,тиха
2017-09-10 00:00:00,121.59166666666665,0.4831666666666667,0.3036666666666667,0.14925,0.08929166666666666,0.047075,192250.0,16425.0,100.0,464.0,0.5,0.591,тиха
2017-09-10 01:00:00,100.43333333333334,0.46641666666666665,0.33749999999999997,0.12276666666666668,0.07504166666666666,0.04031666666666667,186416.66666666666,14666.666666666666,100.0,470.0,0.4,0.515,тиха
2017-09-10 02:00:00,105.55833333333334,0.5015833333333334,0.27599999999999997,0.11934166666666667,0.07149166666666666,0.0388,176000.0,12741.666666666666,100.0,485.0,0.3,0.441,тиха
2017-09-10 03:00:00,84.39999999999999,0.40891666666666665,0.2658333333333333,0.11969166666666665,0.07261666666666666,0.04058333333333333,176000.0,12033.333333333334,100.0,491.0,0.3,0.538,тиха
2017-09-10 04:00:00,83.26666666666667,0.45408333333333334,0.298,0.13269166666666668,0.07621666666666667,0.028308333333333335,176000.0,11508.333333333334,100.0,497.0,0.3,0.491,тиха
2017-09-10 05:00:00,91.675,0.5843333333333334,0.33499999999999996,0.12422499999999999,0.08041666666666666,0.04153333333333333,176000.0,11366.666666666666,100.0,472.0,0.7,0.576,тиха
2017-09-10 06:00:00,103.28333333333335,0.7299166666666667,0.44725,0.14770833333333333,0.08620833333333333,0.036741666666666666,170916.66666666666,11000.0,100.0,459.0,0.6,0.841,тиха
2017-09-10 07:00:00,144.83333333333334,1.15675,0.5465,0.155375,0.08994166666666666,0.04476666666666667,166666.66666666666,10850.0,100.0,467.0,0.4,1.01,тиха
2017-09-10 08:00:00,153.10833333333332,1.4515,0.63125,0.14533333333333334,0.08279166666666667,0.04413333333333333,167000.0,11533.333333333334,100.0,488.0,0.4,0.883,тиха
2017-09-10 09:00:00,143.08333333333334,0.8855,0.3620833333333333,0.12068333333333332,0.076225,0.04025,166833.33333333334,11658.333333333334,100.0,509.0,0.4,0.558,тиха
2017-09-10 10:00:00,143.08333333333334,0.93325,0.43241666666666667,0.14216666666666666,0.08680833333333333,0.049475,166833.33333333334,11725.0,100.0,509.0,0.6,0.693,тиха
2017-09-10 11:00:00,166.91666666666666,1.227,0.5125000000000001,0.13097499999999998,0.073125,0.04206666666666667,161833.33333333334,11341.666666666666,100.0,496.0,0.6,0.871,тиха
2017-09-10 12:00:00,178.66666666666666,1.3571666666666669,0.5063333333333333,0.12654166666666666,0.07401666666666666,0.04253333333333333,159083.33333333334,11141.666666666666,100.0,499.0,0.5,0.858,тиха
2017-09-10 13:00:00,196.25,1.4528333333333334,0.5339999999999999,0.14662499999999998,0.088675,0.05043333333333333,160583.33333333334,11550.0,100.0,499.0,0.5,0.839,тиха
2017-09-10 14:00:00,215.16666666666666,1.2488333333333332,0.40675,0.12059166666666667,0.07811666666666667,0.047575,163666.66666666666,12100.0,100.0,509.0,0.4,0.645,тиха
2017-09-10 15:00:00,237.5,1.7608333333333333,0.6042500000000001,0.13649999999999998,0.07965833333333333,0.043541666666666666,157083.33333333334,11400.0,100.0,518.0,0.3,0.778,тиха
2017-09-10 16:00:00,384.6666666666667,34.62166666666667,26.70958333333333,16.715999999999998,12.033258333333334,3.2711583333333336,154666.66666666666,11525.0,100.0,484.0,0.5,123.0,активна
2017-09-10 17:00:00,1238.0833333333333,495.5,429.3333333333333,141.09166666666667,63.56666666666666,21.133333333333333,161166.66666666666,11791.666666666666,100.0,482.0,0.7,695.0,активна
2017-09-10 18:00:00,1937.5,951.9166666666666,834.75,289.8333333333333,124.91666666666667,38.324999999999996,166416.66666666666,11941.666666666666,100.0,469.0,0.9,1010.0,дуже активна
2017-09-10 19:00:00,1964.1666666666667,813.75,692.8333333333334,273.4166666666667,130.83333333333334,41.199999999999996,163500.0,12708.333333333334,100.0,526.0,0.6,871.0,активна
2017-09-10 20:00:00,1810.0,734.6666666666666,612.4166666666666,256.5,130.08333333333334,40.90833333333333,153916.66666666666,11591.666666666666,100.0,537.0,1.3,680.0,активна
2017-09-10 21:00:00,2551.6666666666665,990.5,800.9166666666666,306.25,150.25,46.60833333333333,164333.33333333334,14066.666666666666,100.0,560.0,0.8,894.0,активна
2017-09-10 22:00:00,2770.0,1415.0,1019.9166666666666,349.0833333333333,171.25,52.93333333333334,148000.0,11500.0,100.0,552.0,2.6,1070.0,дуже активна
2017-09-10 23:00:00,3824.1666666666665,1310.8333333333333,952.25,338.5,162.83333333333334,47.675000000000004,168416.66666666666,14800.0,100.0,559.0,3.1,988.0,активна
2017-09-11 00:00:00,4891.666666666667,1660.8333333333333,1102.9166666666667,366.1666666666667,172.33333333333334,48.85,144500.0,11150.833333333334,80.0,566.0,4.8,1230.0,дуже активна
2017-09-11 01:00:00,3895.0,1823.3333333333333,1167.5,387.0833333333333,180.83333333333334,50.041666666666664,104200.0,6556.666666666667,80.0,575.0,3.2,1230.0,дуже активна
2017-09-11 02:00:00,3224.1666666666665,1672.5,1086.6666666666667,376.9166666666667,177.75,48.1,98750.0,5792.5,80.0,564.0,4.0,1110.0,дуже активна
2017-09-11 03:00:00,2970.8333333333335,1616.6666666666667,1080.8333333333333,377.3333333333333,174.66666666666666,44.275,101900.0,6407.5,80.0,557.0,4.6,1120.0,дуже активна
2017-09-11 04:00:00,2975.0,1797.5,1071.6666666666667,363.6666666666667,167.58333333333334,41.425000000000004,77733.33333333333,4571.666666666667,80.0,556.0,3.6,1100.0,дуже активна
2017-09-11 05:00:00,3726.6666666666665,2120.8333333333335,1144.1666666666667,365.3333333333333,162.83333333333334,38.125,52458.333333333336,3320.8333333333335,80.0,556.0,4.3,1200.0,дуже активна
2017-09-11 06:00:00,3605.8333333333335,1993.3333333333333,1114.1666666666667,356.9166666666667,155.16666666666666,34.74166666666667,40491.666666666664,2438.3333333333335,80.0,558.0,4.5,1150.0,дуже активна
2017-09-11 07:00:00,3469.1666666666665,1903.3333333333333,1082.5,345.6666666666667,146.91666666666666,31.733333333333334,38700.0,2655.8333333333335,80.0,556.0,4.2,1100.0,дуже активна
2017-09-11 08:00:00,3353.3333333333335,1862.5,1080.8333333333333,338.4166666666667,140.08333333333334,28.958333333333332,37708.333333333336,2734.1666666666665,80.0,554.0,3.9,1150.0,дуже активна
2017-09-11 09:00:00,4557.5,2306.6666666666665,1236.6666666666667,347.0833333333333,135.83333333333334,26.675,39583.333333333336,3219.1666666666665,80.0,555.0,4.3,1270.0,дуже активна
2017-09-11 10:00:00,5018.333333333333,2265.0,1190.8333333333333,331.75,128.58333333333334,24.508333333333336,35016.666666666664,2964.1666666666665,80.0,556.0,5.2,1260.0,дуже активна
2017-09-11 11:00:00,4955.833333333333,2298.3333333333335,1243.3333333333333,337.8333333333333,126.5,22.925,26416.666666666668,2613.3333333333335,80.0,556.0,5.5,1330.0,дуже активна
2017-09-11 12:00:00,4937.5,2240.0,1230.8333333333333,327.75,118.91666666666667,20.650000000000002,31441.666666666668,2619.1666666666665,80.0,555.0,5.0,1330.0,дуже активна
2017-09-11 13:00:00,4525.0,2048.3333333333335,1136.6666666666667,303.8333333333333,109.33333333333333,18.633333333333333,42341.666666666664,3062.5,80.0,555.0,4.7,1170.0,дуже активна
2017-09-11 14:00:00,4675.833333333333,1936.6666666666667,1086.6666666666667,286.0,100.88333333333333,16.474999999999998,61983.333333333336,4255.833333333333,80.0,556.0,3.6,1130.0,дуже активна
2017-09-11 15:00:00,3988.3333333333335,1743.3333333333333,1024.1666666666667,264.1666666666667,91.39999999999999,14.533333333333333,79850.0,5774.166666666667,80.0,557.0,2.7,1060.0,дуже активна
2017-09-11 16:00:00,3731.6666666666665,1588.3333333333333,954.0,242.33333333333334,83.77499999999999,13.408333333333333,99766.66666666667,8503.333333333334,80.0,556.0,2.5,989.0,активна
2017-09-11 17:00:00,4128.333333333333,1530.0,882.6666666666666,223.08333333333334,76.45833333333333,12.141666666666666,102566.66666666667,9243.333333333334,80.0,554.0,2.5,937.0,активна
2017-09-11 18:00:00,3978.3333333333335,1152.5,724.9166666666666,203.5,70.71666666666667,11.125,111000.0,9992.5,80.0,551.0,1.9,785.0,активна
2017-09-11 19:00:00,4061.6666666666665,1020.0,650.3333333333334,189.41666666666666,66.13333333333333,10.2125,120416.66666666667,11358.333333333334,80.0,550.0,1.8,744.0,активна
2017-09-11 20:00:00,3521.6666666666665,933.0,661.8333333333334,190.16666666666666,64.22500000000001,9.708333333333334,122416.66666666667,11350.0,80.0,547.0,1.5,718.0,активна
2017-09-11 21:00:00,3682.5,1012.0,693.75,176.83333333333334,58.63333333333333,8.995,126666.66666666667,12916.666666666666,80.0,547.0,1.9,713.0,активна
2017-09-11 22:00:00,3676.6666666666665,1050.9166666666667,675.25,167.75,55.03333333333333,8.314166666666667,120416.66666666667,11553.333333333334,80.0,539.0,1.6,715.0,активна
2017-09-11 23:00:00,3341.6666666666665,1079.6666666666667,675.5833333333334,161.33333333333334,51.949999999999996,7.802499999999999,107016.66666666667,8718.333333333334,80.0,533.0,1.2,708.0,активна
2017-09-12 00:00:00,3490.8333333333335,986.25,609.1666666666666,147.5,48.4,7.416666666666667,94733.33333333333,6615.0,76.0,492.0,1.8,648.0,активна
2017-09-12 01:00:00,3042.5,935.0833333333334,562.9166666666666,137.5,45.55833333333334,6.900833333333334,79583.33333333333,5068.333333333333,76.0,471.0,2.8,591.0,активна
2017-09-12 02:00:00,2670.8333333333335,905.4166666666666,526.8333333333334,127.16666666666667,42.49166666666667,6.4750000000000005,58416.666666666664,3233.3333333333335,76.0,457.0,4.3,536.0,активна
2017-09-12 03:00:00,2780.8333333333335,926.5,505.3333333333333,118.5,39.35,5.951666666666667,47875.0,2448.3333333333335,76.0,455.0,5.0,525.0,активна
2017-09-12 04:00:00,2734.1666666666665,872.4166666666666,463.3333333333333,109.08333333333333,36.333333333333336,5.536666666666666,30291.666666666668,1441.6666666666667,76.0,456.0,3.2,485.0,активна
2017-09-12 05:00:00,2603.3333333333335,846.0833333333334,442.6666666666667,101.73333333333333,33.675000000000004,5.099166666666666,23358.333333333332,1190.8333333333333,76.0,453.0,4.2,456.0,активна
2017-09-12 06:00:00,2608.3333333333335,798.6666666666666,410.25,93.75833333333333,30.84166666666667,4.695,23683.333333333332,1154.25,76.0,453.0,6.2,430.0,активна
2017-09-12 07:00:00,2617.5,750.0,384.5833333333333,85.77499999999999,27.991666666666664,4.339166666666666,13666.666666666666,801.5,76.0,460.0,4.6,390.0,активна
2017-09-12 08:00:00,2195.0,664.9166666666666,346.3333333333333,74.66666666666667,23.8,3.66,24733.333333333332,1258.3333333333333,76.0,458.0,5.2,394.0,активна
2017-09-12 09:00:00,1862.5,574.5833333333334,308.8333333333333,66.78333333333333,21.208333333333332,3.185833333333333,47000.0,2223.3333333333335,76.0,451.0,2.7,335.0,активна
2017-09-12 10:00:00,1673.3333333333333,575.75,305.8333333333333,65.70833333333333,20.925,3.1633333333333336,37466.666666666664,1666.6666666666667,76.0,457.0,2.6,334.0,активна
2017-09-12 11:00:00,1589.1666666666667,474.75,237.08333333333334,49.74166666666667,15.858333333333334,2.3991666666666664,38466.666666666664,2992.5,76.0,479.0,2.3,281.0,активна
2017-09-12 12:00:00,1572.5,403.5833333333333,196.0,40.81666666666667,13.233333333333334,2.1166666666666667,43066.666666666664,3875.8333333333335,76.0,476.0,2.1,206.0,активна
2017-09-12 13:00:00,1444.1666666666667,381.0,183.83333333333334,38.09166666666667,12.25,1.9216666666666666,47241.666666666664,4080.8333333333335,76.0,463.0,2.0,191.0,активна
2017-09-12 14:00:00,2600.0,360.75,178.66666666666666,38.858333333333334,12.549999999999999,1.9833333333333334,62008.333333333336,5761.666666666667,76.0,459.0,2.2,185.0,активна
2017-09-12 15:00:00,2415.0,289.75,164.25,37.4,12.025,1.8208333333333335,76975.0,8009.166666666667,76.0,457.0,2.0,169.0,активна
2017-09-12 16:00:00,2200.8333333333335,268.5833333333333,160.75,34.983333333333334,11.275,1.7433333333333334,83133.33333333333,9172.5,76.0,462.0,2.7,163.0,активна
2017-09-12 17:00:00,2636.6666666666665,300.25,166.75,34.68333333333333,11.15,1.7566666666666666,101416.66666666667,12633.333333333334,76.0,478.0,2.5,177.0,активна
2017-09-12 18:00:00,2810.8333333333335,277.0,156.16666666666666,33.266666666666666,10.515833333333333,1.5858333333333334,97141.66666666667,11900.0,76.0,463.0,3.9,171.0,активна
2017-09-12 19:00:00,3374.1666666666665,234.08333333333334,140.75,30.083333333333332,9.704166666666667,1.5775,109283.33333333333,15150.0,76.0,493.0,8.9,149.0,активна
2017-09-12 20:00:00,3862.5,304.8333333333333,155.5,32.291666666666664,10.043333333333333,1.4261666666666668,92991.66666666667,12282.5,76.0,585.0,14.0,171.0,активна
2017-09-12 21:00:00,3404.1666666666665,193.91666666666666,96.85000000000001,20.491666666666667,6.3525,0.8758333333333334,83750.0,9969.166666666666,76.0,614.0,12.0,131.0,активна
2017-09-12 22:00:00,3480.8333333333335,159.0,80.60000000000001,17.433333333333334,5.396666666666667,0.6968333333333333,82566.66666666667,8747.5,76.0,608.0,12.6,87.9,активна
2017-09-12 23:00:00,2291.6666666666665,159.58333333333334,79.95833333333333,16.558333333333334,5.055833333333333,0.6500833333333333,42218.333333333336,3249.25,76.0,620.0,9.3,83.0,активна
2017-09-13 00:00:00,1000.5,145.41666666666666,70.3,14.433333333333332,4.480833333333333,0.6144999999999999,5176.666666666667,275.75,75.0,614.0,7.2,75.5,активна
2017-09-13 01:00:00,857.6666666666666,160.0,79.075,16.333333333333332,4.895,0.59175,4305.833333333333,291.5833333333333,75.0,581.0,5.7,83.5,активна
2017-09-13 02:00:00,561.8333333333334,152.41666666666666,74.77499999999999,15.733333333333334,4.829166666666667,0.60375,1566.75,166.33333333333334,75.0,569.0,5.0,76.5,активна
2017-09-13 03:00:00,521.0,156.08333333333334,75.74166666666666,15.708333333333334,4.745,0.5575833333333333,859.1666666666666,153.75,75.0,563.0,4.5,81.7,активна
2017-09-13 04:00:00,601.5,163.83333333333334,75.38333333333334,14.775,4.4558333333333335,0.5575833333333333,1247.0833333333333,174.08333333333334,75.0,555.0,4.3,80.2,активна
2017-09-13 05:00:00,625.4166666666666,173.91666666666666,78.85000000000001,14.633333333333333,4.28,0.50775,2180.0,208.08333333333334,75.0,547.0,3.5,83.8,активна
2017-09-13 06:00:00,612.9166666666666,172.58333333333334,79.14166666666667,14.733333333333334,4.239999999999999,0.48841666666666667,2146.6666666666665,176.0,75.0,546.0,2.8,81.0,активна
2017-09-13 07:00:00,619.0,174.0,80.55,14.941666666666668,4.2475,0.47508333333333336,1698.0,152.0,75.0,537.0,2.4,83.1,активна
2017-09-13 08:00:00,695.0,173.66666666666666,80.77499999999999,14.908333333333333,4.200833333333333,0.4704166666666667,4047.5,220.58333333333334,75.0,535.0,2.1,83.1,активна
2017-09-13 09:00:00,630.5833333333334,175.25,82.84166666666667,14.708333333333334,4.0424999999999995,0.44016666666666665,5097.5,213.0,75.0,505.0,2.5,86.8,активна
2017-09-13 10:00:00,589.0,170.33333333333334,80.175,14.525,4.055833333333333,0.4483333333333333,5280.833333333333,214.58333333333334,75.0,482.0,2.4,83.7,активна
2017-09-13 11:00:00,572.3333333333334,169.58333333333334,82.03333333333333,15.116666666666667,4.219166666666667,0.46216666666666667,7330.833333333333,248.16666666666666,75.0,464.0,2.8,84.2,активна
2017-09-13 12:00:00,549.3333333333334,166.66666666666666,82.47500000000001,15.174999999999999,4.2175,0.45999999999999996,10480.0,297.25,75.0,453.0,2.7,86.2,активна
2017-09-13 13:00:00,542.1666666666666,170.66666666666666,85.925,15.066666666666668,4.049166666666667,0.422,13716.666666666666,356.3333333333333,75.0,443.0,2.0,89.0,активна
2017-09-13 14:00:00,512.3333333333334,159.25,83.375,14.625,3.921666666666667,0.39233333333333337,17291.666666666668,404.4166666666667,75.0,440.0,1.7,89.3,активна
2017-09-13 15:00:00,403.8333333333333,126.41666666666667,75.05,13.674999999999999,3.670833333333333,0.38025,21008.333333333332,462.0833333333333,75.0,433.0,1.6,77.1,активна
2017-09-13 16:00:00,399.0833333333333,117.08333333333333,70.48333333333333,13.049999999999999,3.5933333333333333,0.4048333333333333,23741.666666666668,522.0,75.0,441.0,1.1,73.8,активна
2017-09-13 17:00:00,410.0833333333333,88.74166666666667,59.1,12.375,3.3858333333333337,0.33125,28775.0,590.5833333333334,75.0,437.0,0.9,64.3,активна
2017-09-13 18:00:00,424.0833333333333,86.05833333333334,58.666666666666664,12.108333333333334,3.345,0.34708333333333335,32425.0,674.9166666666666,75.0,428.0,0.8,60.8,активна
2017-09-13 19:00:00,348.6666666666667,67.04166666666667,48.333333333333336,11.616666666666667,3.2525,0.3055833333333333,31450.0,593.5833333333334,75.0,423.0,0.7,56.4,активна
2017-09-13 20:00:00,285.0,58.23333333333333,46.26666666666667,11.658333333333333,3.16,0.25233333333333335,30208.333333333332,537.1666666666666,75.0,419.0,0.6,48.5,активна
2017-09-13 21:00:00,258.25,56.475,45.375,10.9,2.8683333333333336,0.21633333333333335,28908.333333333332,492.3333333333333,75.0,397.0,0.6,47.6,активна
2017-09-13 22:00:00,250.91666666666666,54.55833333333334,43.40833333333333,10.084999999999999,2.6275,0.19258333333333333,27816.666666666668,446.3333333333333,75.0,387.0,0.8,46.8,активна
2017-09-13 23:00:00,256.3333333333333,51.24166666666667,40.358333333333334,9.755833333333333,2.598333333333333,0.19899999999999998,27925.0,428.5833333333333,75.0,378.0,0.9,45.1,активна
2017-09-14 00:00:00,240.5,58.5,45.96666666666667,10.042499999999999,2.5591666666666666,0.18941666666666668,25450.0,365.5,74.0,390.0,1.4,48.6,активна
2017-09-14 01:00:00,435.75,80.2,52.90833333333333,10.058333333333334,2.515,0.17925,29125.0,376.25,74.0,404.0,2.4,56.8,активна
2017-09-14 02:00:00,553.8333333333334,103.98333333333333,55.44166666666666,9.6825,2.330833333333333,0.14920833333333333,27675.0,340.75,74.0,366.0,5.3,58.2,активна
2017-09-14 03:00:00,462.3333333333333,110.0,54.78333333333333,8.7975,2.1,0.13653333333333334,22550.0,304.9166666666667,74.0,352.0,4.4,56.6,активна
2017-09-14 04:00:00,431.0833333333333,123.83333333333333,54.85,8.524166666666666,2.0124999999999997,0.12135833333333333,17250.0,263.9166666666667,74.0,350.0,4.6,56.5,активна
2017-09-14 05:00:00,423.1666666666667,124.08333333333333,53.041666666666664,8.070833333333333,1.9408333333333332,0.13933333333333334,10996.666666666666,197.33333333333334,74.0,350.0,3.0,54.6,активна
2017-09-14 06:00:00,392.0833333333333,118.25,51.10833333333333,7.854166666666667,1.8258333333333334,0.12311666666666667,10805.833333333334,191.83333333333334,74.0,351.0,1.8,53.9,активна
2017-09-14 07:00:00,382.8333333333333,112.25,49.75,7.615833333333334,1.8541666666666667,0.14596666666666666,9469.166666666666,177.66666666666666,74.0,351.0,1.9,51.9,активна
2017-09-14 08:00:00,369.6666666666667,108.66666666666667,48.78333333333333,7.556666666666666,1.7533333333333332,0.12238333333333333,9995.0,186.91666666666666,74.0,353.0,4.1,50.7,активна
2017-09-14 09:00:00,384.25,104.66666666666667,47.36666666666667,7.464166666666666,1.7758333333333332,0.12895833333333334,9605.833333333334,184.25,74.0,355.0,4.1,50.0,активна
2017-09-14 10:00:00,336.75,100.06666666666666,45.09166666666667,7.1675,1.6816666666666666,0.11465000000000002,9163.333333333334,206.75,74.0,397.0,7.0,47.7,активна
2017-09-14 11:00:00,366.4166666666667,93.93333333333334,42.25,6.709166666666667,1.5983333333333334,0.11645,7566.666666666667,213.41666666666666,74.0,432.0,11.4,45.5,активна
2017-09-14 12:00:00,319.1666666666667,83.33333333333333,38.03333333333333,6.045000000000001,1.4425,0.11067500000000001,8696.666666666666,180.5,74.0,448.0,15.9,40.9,активна
2017-09-14 13:00:00,254.5,69.72500000000001,32.449999999999996,5.357499999999999,1.3233333333333335,0.10719166666666667,8184.166666666667,204.58333333333334,74.0,448.0,19.4,34.3,активна
2017-09-14 14:00:00,229.08333333333334,61.50833333333333,28.491666666666664,4.819999999999999,1.2145833333333333,0.10639166666666666,5802.5,187.53333333333333,74.0,457.0,9.8,31.6,активна
2017-09-14 15:00:00,149.16666666666666,38.291666666666664,18.775000000000002,3.5433333333333334,0.9323333333333333,0.08679166666666667,5270.0,226.0,74.0,469.0,6.2,24.7,активна
2017-09-14 16:00:00,216.58333333333334,25.849999999999998,13.283333333333333,2.595833333333333,0.7472500000000001,0.09464166666666667,11761.666666666666,307.4166666666667,74.0,484.0,7.2,15.3,активна
2017-09-14 17:00:00,236.33333333333334,16.941666666666666,9.0875,1.9608333333333334,0.6073333333333334,0.09005,28325.0,648.4166666666666,74.0,506.0,7.5,10.8,активна
2017-09-14 18:00:00,177.41666666666666,14.700000000000001,8.237499999999999,1.7816666666666665,0.5491666666666667,0.08154166666666667,35725.0,863.75,74.0,538.0,5.9,8.88,тиха
2017-09-14 19:00:00,150.0909090909091,11.377272727272727,6.419090909090909,1.5454545454545454,0.5052727272727272,0.08535454545454545,34027.27272727273,852.2727272727273,74.0,593.0,3.5,8.37,тиха
2017-09-14 20:00:00,177.66666666666666,10.819166666666668,6.0249999999999995,1.3058333333333334,0.3789166666666666,0.04499166666666667,28666.666666666668,708.5833333333334,74.0,604.0,3.6,6.65,тиха
2017-09-14 21:00:00,351.75,8.736666666666666,4.8975,1.0825833333333332,0.30716666666666664,0.0342,30308.333333333332,596.3333333333334,74.0,601.0,3.5,5.82,тиха
2017-09-14 22:00:00,243.0,7.290833333333333,4.640833333333333,1.0835833333333333,0.31224999999999997,0.031558333333333334,32783.333333333336,632.0,74.0,611.0,3.5,5.42,тиха
2017-09-14 23:00:00,172.0,7.4175,4.585833333333333,1.0196666666666667,0.29191666666666666,0.031566666666666666,30491.666666666668,517.6666666666666,74.0,646.0,3.0,5.28,тиха
2017-09-15 00:00:00,130.0,7.664166666666667,4.365,1.0031666666666668,0.29425,0.031575,27766.666666666668,397.6666666666667,73.0,673.0,2.7,4.83,тиха
2017-09-15 01:00:00,135.44166666666666,6.898333333333333,4.038333333333333,0.883,0.25875,0.03158333333333333,34491.666666666664,630.5,73.0,642.0,3.1,4.55,тиха
2017-09-15 02:00:00,66.50833333333334,7.1375,3.9791666666666665,0.8669166666666667,0.2535833333333333,0.03158333333333333,28317.5,416.10833333333335,73.0,654.0,2.8,4.63,тиха
2017-09-15 03:00:00,33.708333333333336,6.849166666666666,3.8141666666666665,0.8245833333333333,0.24633333333333332,0.0316,26366.666666666668,299.5833333333333,73.0,693.0,2.8,4.55,тиха
2017-09-15 04:00:00,29.016666666666666,6.658333333333334,3.6008333333333336,0.7745000000000001,0.23466666666666666,0.03159166666666667,24083.333333333332,254.58333333333334,73.0,711.0,2.4,4.24,тиха
2017-09-15 05:00:00,52.541666666666664,6.208333333333333,3.5175,0.8698333333333333,0.2708333333333333,0.03158333333333333,40158.333333333336,659.75,73.0,678.0,2.3,4.13,тиха
2017-09-15 06:00:00,25.375,6.469166666666666,3.6191666666666666,0.7952499999999999,0.245,0.034725,24825.0,286.75,73.0,694.0,2.4,4.23,тиха
2017-09-15 07:00:00,370.7166666666667,5.905,3.3074999999999997,0.7836666666666666,0.23866666666666667,0.0316,70108.33333333333,2753.25,73.0,676.0,1.9,4.13,тиха
2017-09-15 08:00:00,128.25833333333333,5.415833333333333,3.124166666666667,0.78125,0.243,0.03159166666666667,86450.0,3730.8333333333335,73.0,636.0,2.1,3.72,тиха
2017-09-15 09:00:00,262.96666666666664,6.1499999999999995,3.3958333333333335,0.72525,0.22541666666666668,0.03556666666666667,43941.666666666664,1134.4166666666667,73.0,614.0,3.3,3.74,тиха
2017-09-15 10:00:00,113.58333333333333,5.371666666666666,3.0141666666666667,0.7715833333333334,0.24549999999999997,0.03498333333333334,69808.33333333333,2580.0,73.0,597.0,3.1,3.7,тиха
2017-09-15 11:00:00,37.675000000000004,5.090833333333333,2.9466666666666668,0.694,0.22075,0.03158333333333333,66850.0,2563.3333333333335,73.0,624.0,3.5,3.26,тиха
2017-09-15 12:00:00,2641.9166666666665,4.2,2.3108333333333335,0.5961666666666666,0.19758333333333333,0.03374166666666667,87858.33333333333,4901.666666666667,73.0,616.0,4.0,2.82,тиха
2017-09-15 13:00:00,830.8333333333334,3.9158333333333335,2.35,0.6349166666666667,0.20866666666666667,0.03158333333333333,153833.33333333334,19633.333333333332,73.0,597.0,4.5,3.13,тиха
2017-09-15 14:00:00,147.95833333333334,3.904166666666667,2.225,0.5649166666666666,0.19583333333333333,0.03770833333333334,170416.66666666666,25566.666666666668,73.0,609.0,4.3,2.76,тиха
2017-09-15 15:00:00,95.94166666666666,3.579166666666667,2.068,0.5501666666666667,0.17933333333333334,0.03154166666666667,169083.33333333334,26816.666666666668,73.0,709.0,2.7,3.0,тиха
2017-09-15 16:00:00,103.60000000000001,3.2025,1.844,0.5465,0.18775,0.03339166666666667,165166.66666666666,27716.666666666668,73.0,703.0,2.2,2.42,тиха
2017-09-15 17:00:00,89.01666666666667,2.720833333333333,1.7866666666666664,0.49791666666666673,0.17541666666666667,0.035125,144583.33333333334,23441.666666666668,73.0,610.0,3.5,2.76,тиха
2017-09-15 18:00:00,91.10000000000001,2.25,1.5752499999999998,0.5066666666666667,0.18291666666666664,0.03475,161833.33333333334,33041.666666666664,73.0,665.0,2.8,2.44,тиха
2017-09-15 19:00:00,192.0583333333333,2.339166666666667,1.5261666666666667,0.5174166666666666,0.18608333333333335,0.036925,194666.66666666666,47425.0,73.0,659.0,3.0,2.5,тиха
2017-09-15 20:00:00,133.6,1.6999166666666667,1.2445,0.4395,0.1725,0.040025,193583.33333333334,49058.333333333336,73.0,662.0,2.5,1.99,тиха
2017-09-15 21:00:00,195.91666666666666,1.8058333333333334,1.1144166666666666,0.33749999999999997,0.1495,0.04786666666666667,195833.33333333334,47350.0,73.0,665.0,3.2,1.71,тиха
2017-09-15 22:00:00,165.58333333333334,1.6264166666666666,1.239,0.4515833333333334,0.17975,0.0477,194750.0,45166.666666666664,73.0,685.0,2.6,1.98,тиха
2017-09-15 23:00:00,124.77499999999999,2.0635,1.2814166666666666,0.4265833333333333,0.16025,0.03656666666666667,176500.0,32691.666666666668,73.0,672.0,2.8,1.95,тиха
2017-09-16 00:00:00,98.19166666666666,1.6749166666666666,1.0760833333333333,0.36358333333333337,0.14596666666666666,0.03875833333333333,173333.33333333334,32341.666666666668,72.0,675.0,3.1,1.93,тиха
2017-09-16 01:00:00,47.28333333333333,1.6893333333333331,1.0225,0.3818333333333333,0.17029166666666665,0.04998333333333333,91358.33333333333,9302.5,72.0,653.0,3.1,2.27,тиха
2017-09-16 02:00:00,39.05833333333333,1.9985833333333334,1.25,0.37599999999999995,0.16854999999999998,0.04679166666666667,70716.66666666667,5487.5,72.0,630.0,3.2,1.98,тиха
2017-09-16 03:00:00,35.325,1.3933333333333333,0.8187500000000001,0.3525833333333333,0.15275,0.04472500000000001,76250.0,6412.5,72.0,624.0,4.1,1.37,тиха
2017-09-16 04:00:00,29.625,1.8941666666666668,1.17125,0.3463333333333333,0.14664166666666667,0.034725,52658.333333333336,3212.5,72.0,637.0,2.8,2.0,тиха
2017-09-16 05:00:00,176.23333333333335,1.5331666666666666,0.9205,0.3930833333333334,0.17858333333333332,0.0478,81641.66666666667,7199.166666666667,72.0,673.0,2.2,1.76,тиха
2017-09-16 06:00:00,28.558333333333334,1.3171666666666668,0.8641666666666667,0.32658333333333334,0.15304166666666666,0.05030833333333334,33033.333333333336,2114.1666666666665,72.0,699.0,1.9,1.59,тиха
2017-09-16 07:00:00,15.531666666666666,1.4930833333333335,0.9480833333333333,0.2950833333333333,0.12914166666666668,0.04318333333333333,31800.0,2090.0,72.0,688.0,1.9,1.68,тиха
2017-09-16 08:00:00,11.216666666666667,1.39025,0.8819166666666667,0.28491666666666665,0.12808333333333333,0.041475000000000005,31266.666666666668,2144.1666666666665,72.0,673.0,2.2,1.7,тиха
2017-09-16 09:00:00,15.358333333333334,1.3650833333333334,0.85025,0.3369166666666667,0.15816666666666665,0.04521666666666666,48625.0,3487.5,72.0,699.0,1.9,1.68,тиха
2017-09-16 10:00:00,12.295,1.29475,0.8188333333333334,0.31,0.13934166666666667,0.040625,56925.0,3655.8333333333335,72.0,613.0,3.0,1.34,тиха
2017-09-16 11:00:00,9.380833333333333,1.1710833333333333,0.73225,0.28341666666666665,0.13293333333333332,0.04041666666666666,64791.666666666664,4339.166666666667,72.0,599.0,3.1,1.16,тиха
2017-09-16 12:00:00,530.0749999999999,1.3622500000000002,0.7631666666666667,0.2635,0.13245833333333334,0.04470833333333333,80600.0,5686.666666666667,72.0,688.0,1.8,1.05,тиха
2017-09-16 13:00:00,209.89166666666665,1.085,0.6420833333333333,0.2515833333333333,0.12579166666666666,0.04618333333333333,128583.33333333333,12855.833333333334,72.0,722.0,1.9,1.08,тиха
2017-09-16 14:00:00,62.00833333333333,0.9310833333333334,0.5433333333333333,0.23916666666666667,0.12285,0.041775,149916.66666666666,19333.333333333332,72.0,719.0,1.8,1.13,тиха
2017-09-16 15:00:00,52.14166666666667,0.9123333333333333,0.6044166666666667,0.2678333333333333,0.13976666666666668,0.042275,161166.66666666666,24000.0,72.0,730.0,1.8,0.933,тиха
2017-09-16 16:00:00,68.72500000000001,0.9835833333333334,0.6190833333333333,0.22141666666666668,0.11434166666666667,0.047825,165666.66666666666,27225.0,72.0,701.0,1.8,1.05,тиха
2017-09-16 17:00:00,65.14166666666667,0.6384166666666666,0.3815,0.2668333333333333,0.13916666666666666,0.04235,165833.33333333334,31783.333333333332,72.0,639.0,2.5,0.504,тиха
2017-09-16 18:00:00,133.89166666666668,0.7645833333333334,0.5045833333333333,0.24425,0.13036666666666666,0.045358333333333334,154083.33333333334,29608.333333333332,72.0,656.0,2.1,1.05,тиха
2017-09-16 19:00:00,86.2,0.5689166666666666,0.40066666666666667,0.21166666666666667,0.10815000000000001,0.038125,160583.33333333334,32966.666666666664,72.0,654.0,1.9,0.93,тиха
2017-09-16 20:00:00,94.95833333333333,0.7173333333333334,0.49291666666666667,0.22775,0.122025,0.045616666666666666,162333.33333333334,34591.666666666664,72.0,695.0,2.0,0.932,тиха
2017-09-16 21:00:00,87.425,0.6448333333333334,0.3970833333333334,0.15491666666666667,0.08120000000000001,0.041,150416.66666666666,27925.0,72.0,731.0,2.0,1.11,тиха
2017-09-16 22:00:00,66.47500000000001,0.5293333333333333,0.3956666666666666,0.14683333333333334,0.07630833333333333,0.037075,156833.33333333334,28366.666666666668,72.0,695.0,1.8,0.731,тиха
2017-09-16 23:00:00,64.425,0.6610833333333334,0.432,0.14841666666666667,0.07651666666666666,0.037450000000000004,155000.0,25908.333333333332,72.0,679.0,1.6,0.862,тиха
2017-09-17 00:00:00,70.51666666666667,0.5935,0.34608333333333335,0.17783333333333337,0.100275,0.04164166666666667,147583.33333333334,18800.0,72.0,676.0,1.2,0.733,тиха
2017-09-17 01:00:00,61.324999999999996,0.47141666666666665,0.30883333333333335,0.14125000000000001,0.07125,0.03179166666666667,152833.33333333334,21541.666666666668,72.0,615.0,2.1,0.608,тиха
2017-09-17 02:00:00,44.56666666666666,0.6270833333333333,0.3870833333333333,0.16375,0.08609166666666668,0.036,142583.33333333334,17558.333333333332,72.0,644.0,2.0,0.731,тиха
2017-09-17 03:00:00,44.775,0.6621666666666667,0.4171666666666667,0.15383333333333335,0.07826666666666666,0.032183333333333335,151666.66666666666,19201.666666666668,72.0,638.0,1.9,0.775,тиха
2017-09-17 04:00:00,46.98333333333333,0.6115,0.40025,0.13815,0.0775,0.0361,163583.33333333334,22541.666666666668,72.0,646.0,1.9,0.63,тиха
2017-09-17 05:00:00,39.458333333333336,0.63675,0.37675,0.13208333333333333,0.07120833333333333,0.030408333333333332,130500.0,14116.666666666666,72.0,616.0,2.3,0.773,тиха
2017-09-17 06:00:00,26.066666666666666,0.7879166666666667,0.4523333333333333,0.14658333333333332,0.07723333333333333,0.037366666666666666,104200.0,9205.0,72.0,643.0,1.9,0.914,тиха
2017-09-17 07:00:00,31.175,0.6973333333333334,0.41291666666666665,0.13999999999999999,0.07040833333333334,0.03035,97133.33333333333,9010.833333333334,72.0,626.0,2.3,0.644,тиха
2017-09-17 08:00:00,15.659166666666666,0.6199166666666667,0.38825,0.15708333333333332,0.08555833333333333,0.0387,86125.0,6973.333333333333,72.0,620.0,2.4,0.969,тиха
2017-09-17 09:00:00,15.063333333333333,0.7768333333333333,0.443,0.13316666666666668,0.06684166666666667,0.0277,75766.66666666667,5785.0,72.0,589.0,3.2,0.666,тиха
2017-09-17 10:00:00,14.353333333333333,0.4819166666666667,0.2926666666666667,0.13658333333333333,0.07034166666666666,0.029083333333333333,80508.33333333333,6628.333333333333,72.0,606.0,3.1,0.433,тиха
2017-09-17 11:00:00,18.808333333333334,0.7225,0.4295,0.14116666666666666,0.0721,0.03275,87633.33333333333,7483.333333333333,72.0,603.0,3.6,0.738,тиха
2017-09-17 12:00:00,191.71666666666667,0.5235,0.2841666666666667,0.14783333333333334,0.075125,0.033541666666666664,126583.33333333333,13962.5,72.0,602.0,3.8,0.532,тиха
2017-09-17 13:00:00,40.99166666666667,0.6485,0.30425,0.13458333333333333,0.07753333333333333,0.03811666666666667,142083.33333333334,19100.0,72.0,605.0,3.7,0.593,тиха
2017-09-17 14:00:00,354.90000000000003,0.76425,0.43025,0.13591666666666666,0.07105,0.03098333333333333,123308.33333333333,17416.666666666668,72.0,598.0,3.8,0.741,тиха
2017-09-17 15:00:00,318.0833333333333,0.53125,0.3055,0.13416666666666666,0.07354166666666667,0.03305,147583.33333333334,29658.333333333332,72.0,583.0,4.6,0.662,тиха
2017-09-17 16:00:00,79.11666666666666,0.7019166666666666,0.387,0.1375,0.07096666666666666,0.03175,177833.33333333334,47425.0,72.0,581.0,4.0,0.918,тиха
2017-09-17 17:00:00,75.30833333333332,0.5824166666666667,0.34741666666666665,0.13740833333333333,0.07705833333333333,0.036675,169666.66666666666,45350.0,72.0,589.0,3.7,0.685,тиха
2017-09-17 18:00:00,65.04166666666667,0.46399999999999997,0.2665,0.136,0.0727,0.031966666666666664,157000.0,37166.666666666664,72.0,599.0,3.2,0.432,тиха
2017-09-17 19:00:00,61.78333333333333,0.4606666666666667,0.26775,0.1292,0.073,0.034275,158083.33333333334,37841.666666666664,72.0,587.0,2.9,0.398,тиха
2017-09-17 20:00:00,46.458333333333336,0.43825000000000003,0.32283333333333336,0.13972500000000002,0.07758333333333334,0.03344166666666667,147833.33333333334,32425.0,72.0,590.0,2.6,0.59,тиха
2017-09-17 21:00:00,45.425000000000004,0.44725,0.30666666666666664,0.13591666666666666,0.07921666666666667,0.03266666666666667,136500.0,26116.666666666668,72.0,592.0,3.5,0.787,тиха
2017-09-17 22:00:00,37.93333333333333,0.35225,0.254,0.1255,0.07068333333333333,0.03399166666666666,127916.66666666667,21966.666666666668,72.0,589.0,3.9,0.492,тиха
2017-09-17 23:00:00,34.63333333333333,0.36400000000000005,0.25458333333333333,0.12317499999999999,0.06939166666666667,0.029975,117166.66666666667,17741.666666666668,72.0,597.0,4.2,0.576,тиха
2017-09-18 00:00:00,21.441666666666666,0.45333333333333337,0.3714166666666667,0.14904166666666666,0.08506666666666667,0.04126666666666667,105666.66666666667,14100.0,72.0,627.0,3.5,0.748,тиха
2017-09-18 01:00:00,20.8425,0.5465833333333333,0.32741666666666663,0.12016666666666666,0.0647,0.02878333333333333,93841.66666666667,10800.0,72.0,638.0,3.2,0.703,тиха
2017-09-18 02:00:00,11.714999999999998,0.6588333333333333,0.39408333333333334,0.141625,0.08615833333333334,0.04274166666666667,50825.0,4393.333333333333,72.0,637.0,2.7,0.562,тиха
2017-09-18 03:00:00,15.483333333333334,0.4925,0.26325,0.11689166666666667,0.07043333333333333,0.034725,51033.333333333336,4050.8333333333335,72.0,604.0,3.0,0.538,тиха
2017-09-18 04:00:00,12.234166666666667,0.5345,0.3169166666666667,0.11941666666666667,0.06903333333333334,0.03038333333333333,43750.0,3174.1666666666665,72.0,577.0,3.2,0.521,тиха
2017-09-18 05:00:00,8.726666666666667,0.5255,0.28541666666666665,0.13023333333333334,0.07895,0.03415833333333333,43550.0,2997.5,72.0,585.0,3.7,0.525,тиха
2017-09-18 06:00:00,13.8575,0.7163333333333334,0.3685833333333333,0.14675000000000002,0.086575,0.03933333333333334,69916.66666666667,6249.166666666667,72.0,586.0,4.1,0.751,тиха
2017-09-18 07:00:00,13.229166666666666,0.6919166666666666,0.39691666666666664,0.162625,0.09605833333333334,0.041633333333333335,67150.0,6258.333333333333,72.0,579.0,3.9,0.645,тиха
2017-09-18 08:00:00,72.51583333333333,0.5490833333333334,0.3145833333333333,0.12663333333333335,0.075075,0.03379166666666667,34691.666666666664,3006.6666666666665,72.0,609.0,2.8,0.457,тиха
2017-09-18 09:00:00,53.60833333333333,0.6223333333333333,0.30875,0.12791666666666665,0.07185,0.034708333333333334,36508.333333333336,2733.3333333333335,72.0,603.0,2.9,0.53,тиха
2017-09-18 10:00:00,348.5416666666667,0.52975,0.2794166666666667,0.124,0.07429999999999999,0.035958333333333335,83650.0,9708.333333333334,72.0,668.0,1.5,0.626,тиха
2017-09-18 11:00:00,33.28333333333333,0.608,0.3225,0.1595,0.09144999999999999,0.04065833333333333,96558.33333333333,11883.333333333334,72.0,644.0,1.7,0.456,тиха
2017-09-18 12:00:00,27.891666666666666,0.6255000000000001,0.32741666666666663,0.156575,0.08949166666666668,0.03593333333333334,93225.0,11480.0,72.0,578.0,2.1,0.827,тиха
2017-09-18 13:00:00,116.8,0.5950833333333333,0.28883333333333333,0.152075,0.08456666666666666,0.0333,88758.33333333333,10260.833333333334,72.0,565.0,1.9,0.458,тиха
2017-09-18 14:00:00,30.291666666666668,0.5469166666666666,0.27975,0.13166666666666668,0.07625,0.03411666666666666,124750.0,19225.0,72.0,558.0,1.9,0.417,тиха
2017-09-18 15:00:00,75.05833333333334,0.6964166666666666,0.40791666666666665,0.15244166666666667,0.09330833333333333,0.044300000000000006,147000.0,25725.0,72.0,559.0,2.7,0.622,тиха
2017-09-18 16:00:00,63.86666666666667,0.5908333333333333,0.35841666666666666,0.14244166666666666,0.08171666666666666,0.04331666666666667,172416.66666666666,41300.0,72.0,557.0,2.8,1.05,тиха
2017-09-18 17:00:00,73.8,0.43966666666666665,0.25466666666666665,0.14683333333333334,0.08636666666666666,0.044658333333333335,196166.66666666666,58491.666666666664,72.0,552.0,2.3,0.434,тиха
2017-09-18 18:00:00,64.75833333333333,0.47433333333333333,0.30391666666666667,0.12429166666666668,0.07768333333333334,0.0407,195833.33333333334,58816.666666666664,72.0,552.0,2.2,0.481,тиха
2017-09-18 19:00:00,65.04166666666667,0.35800000000000004,0.23424999999999999,0.12408333333333334,0.06740833333333333,0.030683333333333337,187666.66666666666,49991.666666666664,72.0,554.0,1.7,0.354,тиха
2017-09-18 20:00:00,58.93333333333334,0.28891666666666665,0.21041666666666667,0.11594166666666667,0.07266666666666667,0.033591666666666666,195250.0,55991.666666666664,72.0,549.0,1.4,0.377,тиха
2017-09-18 21:00:00,65.83333333333333,0.39575,0.25558333333333333,0.13,0.07726666666666666,0.03704166666666667,198666.66666666666,55266.666666666664,72.0,543.0,1.3,0.58,тиха
2017-09-18 22:00:00,61.199999999999996,0.32866666666666666,0.22991666666666666,0.12261666666666667,0.07236666666666666,0.031075000000000002,210166.66666666666,58325.0,72.0,542.0,1.2,0.342,тиха
2017-09-18 23:00:00,54.15,0.43483333333333335,0.2831666666666666,0.15315833333333334,0.08491666666666668,0.03505833333333334,203166.66666666666,54716.666666666664,72.0,524.0,1.3,0.566,тиха
2017-09-19 00:00:00,43.00833333333333,0.39199999999999996,0.24175,0.11003333333333333,0.06833333333333334,0.03240833333333334,197583.33333333334,46625.0,71.0,524.0,1.4,0.432,тиха
2017-09-19 01:00:00,37.53333333333333,0.3795,0.24341666666666664,0.13389166666666666,0.08305833333333333,0.03991666666666666,199166.66666666666,44975.0,71.0,542.0,1.3,0.409,тиха
2017-09-19 02:00:00,31.125,0.49341666666666667,0.32508333333333334,0.12438333333333333,0.07556666666666667,0.03768333333333333,191583.33333333334,39016.666666666664,71.0,536.0,1.4,0.535,тиха
2017-09-19 03:00:00,35.13333333333333,0.43275,0.22475,0.11084166666666667,0.06346666666666667,0.02710833333333333,178000.0,31008.333333333332,71.0,518.0,1.6,0.359,тиха
2017-09-19 04:00:00,28.349999999999998,0.5095,0.25516666666666665,0.12193333333333334,0.07145,0.031116666666666667,157916.66666666666,22325.0,71.0,517.0,1.4,0.377,тиха
2017-09-19 05:00:00,19.575,0.49433333333333335,0.26025000000000004,0.12014999999999999,0.07621666666666667,0.03355,147250.0,18766.666666666668,71.0,508.0,1.8,0.337,тиха
2017-09-19 06:00:00,15.783333333333331,0.43566666666666665,0.3006666666666667,0.14379166666666668,0.079975,0.03295833333333333,144250.0,18300.0,71.0,491.0,1.9,0.491,тиха
2017-09-19 07:00:00,14.875,0.3894166666666667,0.26008333333333333,0.1149,0.07375,0.0391,142666.66666666666,18841.666666666668,71.0,481.0,2.0,0.592,тиха
2017-09-19 08:00:00,18.966666666666665,0.5399166666666667,0.29058333333333336,0.1349,0.08000833333333333,0.03913333333333333,136916.66666666666,16933.333333333332,71.0,474.0,2.6,0.646,тиха
2017-09-19 09:00:00,16.179166666666667,0.5373333333333333,0.2930833333333333,0.127875,0.074075,0.035833333333333335,128000.0,15125.0,71.0,479.0,2.6,0.563,тиха
2017-09-19 10:00:00,11.481666666666667,0.6359166666666667,0.2990833333333333,0.13323333333333334,0.08574166666666666,0.04335833333333333,119416.66666666667,13666.666666666666,71.0,471.0,2.4,0.639,тиха
2017-09-19 11:00:00,11.624166666666667,0.5553333333333333,0.29291666666666666,0.11706666666666667,0.067225,0.03031666666666667,145333.33333333334,20091.666666666668,71.0,474.0,1.9,0.658,тиха
2017-09-19 12:00:00,12.531666666666666,0.53125,0.25525000000000003,0.10889166666666666,0.06408333333333333,0.031133333333333332,151000.0,22458.333333333332,71.0,471.0,2.1,0.545,тиха
2017-09-19 13:00:00,14.025,0.5845833333333333,0.3405,0.1195,0.07078333333333334,0.033575,155000.0,24191.666666666668,71.0,492.0,1.8,0.554,тиха
2017-09-19 14:00:00,22.425,0.47533333333333333,0.2684166666666667,0.12686666666666666,0.07475,0.03269166666666667,171666.66666666666,30116.666666666668,71.0,475.0,2.5,0.41,тиха
2017-09-19 15:00:00,33.475,0.5195833333333334,0.28591666666666665,0.11518333333333335,0.06925833333333332,0.03428333333333333,187333.33333333334,38675.0,71.0,487.0,2.1,0.56,тиха
2017-09-19 16:00:00,37.75833333333333,0.4340833333333333,0.2515,0.12920833333333334,0.07891666666666666,0.035458333333333335,196666.66666666666,46116.666666666664,71.0,512.0,1.2,0.426,тиха
2017-09-19 17:00:00,40.666666666666664,0.46950000000000003,0.2824166666666667,0.1173,0.06861666666666667,0.03245,206250.0,53975.0,71.0,492.0,1.5,0.547,тиха
2017-09-19 18:00:00,48.916666666666664,0.35333333333333333,0.22624999999999998,0.11710833333333333,0.0768,0.03768333333333333,220500.0,64408.333333333336,71.0,478.0,1.8,0.315,тиха
2017-09-19 19:00:00,44.35833333333333,0.31816666666666665,0.21983333333333333,0.11,0.06548333333333334,0.02965,239416.66666666666,83250.0,71.0,481.0,2.0,0.366,тиха
2017-09-19 20:00:00,49.60833333333333,0.35025,0.23416666666666666,0.11435000000000001,0.07755,0.039641666666666665,250250.0,98391.66666666667,71.0,471.0,2.5,0.41,тиха
2017-09-19 21:00:00,39.449999999999996,0.31475000000000003,0.23916666666666667,0.126525,0.08594166666666665,0.04568333333333333,253916.66666666666,106916.66666666667,71.0,458.0,2.8,0.437,тиха
2017-09-19 22:00:00,40.36666666666667,0.40441666666666665,0.25325,0.11375,0.07275,0.038125,244416.66666666666,93416.66666666667,71.0,461.0,2.5,0.365,тиха
2017-09-19 23:00:00,41.59166666666667,0.41558333333333336,0.24691666666666667,0.12211666666666667,0.07863333333333333,0.033475,232833.33333333334,80216.66666666667,71.0,457.0,3.0,0.41,тиха
2017-09-20 00:00:00,47.166666666666664,0.5235833333333333,0.27408333333333335,0.11369166666666668,0.07655833333333333,0.04349166666666667,221750.0,66358.33333333333,74.0,459.0,2.6,0.523,тиха
2017-09-20 01:00:00,27.333333333333332,0.4495833333333333,0.25375,0.1249,0.08025833333333333,0.03626666666666666,200333.33333333334,51775.0,74.0,464.0,2.2,0.513,тиха
2017-09-20 02:00:00,30.000833333333333,0.5566666666666666,0.2524166666666667,0.10145833333333333,0.06434166666666667,0.02981666666666667,167666.66666666666,34183.333333333336,74.0,463.0,2.0,0.501,тиха
2017-09-20 03:00:00,21.900000000000002,0.4945833333333334,0.246,0.12978333333333333,0.06968333333333333,0.026975,116766.66666666667,17822.5,74.0,460.0,2.3,0.449,тиха
2017-09-20 04:00:00,18.279999999999998,0.4965833333333333,0.27441666666666664,0.10408333333333332,0.06795,0.0341,119216.66666666667,17308.333333333332,74.0,464.0,1.8,0.574,тиха
2017-09-20 05:00:00,17.075,0.3730833333333334,0.18966666666666665,0.09485833333333334,0.06660833333333334,0.03129166666666667,109558.33333333333,14325.0,74.0,468.0,2.0,0.259,тиха
2017-09-20 06:00:00,9.378333333333334,0.6676666666666667,0.33925,0.117075,0.07414166666666668,0.034975,84475.0,8913.333333333334,74.0,462.0,1.8,0.641,тиха
2017-09-20 07:00:00,9.074166666666667,0.5791666666666667,0.2813333333333333,0.123125,0.0768,0.03595,92766.66666666667,11322.5,74.0,464.0,1.6,0.556,тиха
2017-09-20 08:00:00,9.973333333333334,0.7125,0.316,0.11959166666666667,0.07644166666666667,0.031200000000000002,98900.0,12700.0,74.0,460.0,2.2,0.603,тиха
2017-09-20 09:00:00,8.18,0.5034166666666667,0.22308333333333333,0.11635833333333333,0.07731666666666666,0.033025,84175.0,9449.166666666666,74.0,460.0,2.3,0.369,тиха
2017-09-20 10:00:00,13.777500000000002,0.4030833333333333,0.21375,0.12449166666666667,0.08631666666666667,0.045149999999999996,107041.66666666667,14100.833333333334,74.0,462.0,1.9,0.315,тиха
2017-09-20 11:00:00,8.785,0.522,0.2634166666666667,0.13530833333333334,0.08500833333333334,0.03444166666666667,117250.0,16891.666666666668,74.0,459.0,2.1,0.51,тиха
2017-09-20 12:00:00,11.701666666666666,0.47841666666666666,0.24758333333333335,0.11544166666666666,0.07095,0.037358333333333334,112666.66666666667,16258.333333333334,74.0,451.0,2.4,0.539,тиха
2017-09-20 13:00:00,14.3225,0.45,0.2071666666666667,0.09453333333333334,0.06005,0.028225,127166.66666666667,21133.333333333332,74.0,451.0,2.6,0.338,тиха
2017-09-20 14:00:00,47.449999999999996,0.48574999999999996,0.24133333333333332,0.11564166666666666,0.07563333333333333,0.03679166666666667,148166.66666666666,28716.666666666668,74.0,450.0,2.0,0.486,тиха
2017-09-20 15:00:00,25.333333333333332,0.317,0.20525000000000002,0.097325,0.06889166666666667,0.033975,167583.33333333334,40508.333333333336,74.0,444.0,1.6,0.418,тиха
2017-09-20 16:00:00,33.475,0.342,0.2394166666666667,0.11055833333333333,0.075225,0.03726666666666666,180000.0,50450.0,74.0,441.0,1.9,0.387,тиха
2017-09-20 17:00:00,44.73333333333333,0.2936666666666667,0.19858333333333333,0.10344166666666667,0.07339166666666667,0.035225,190833.33333333334,60700.0,74.0,447.0,2.2,0.301,тиха
2017-09-20 18:00:00,54.50833333333333,0.2796666666666667,0.20875,0.10961666666666665,0.06844166666666666,0.03155,208833.33333333334,79450.0,74.0,450.0,2.1,0.301,тиха
2017-09-20 19:00:00,91.46666666666665,0.3329166666666667,0.19875,0.09514166666666667,0.0657,0.03550833333333333,218750.0,91733.33333333333,74.0,448.0,2.7,0.41,тиха
2017-09-20 20:00:00,91.175,0.28550000000000003,0.20058333333333334,0.09097499999999999,0.06041666666666667,0.029025,212333.33333333334,85025.0,74.0,449.0,3.2,0.294,тиха
2017-09-20 21:00:00,84.36666666666666,0.2668333333333333,0.19299999999999998,0.09432499999999999,0.06564166666666667,0.031525,200250.0,72833.33333333333,74.0,455.0,3.8,0.328,тиха
2017-09-20 22:00:00,71.70833333333333,0.25958333333333333,0.20891666666666667,0.09890833333333333,0.069875,0.03551666666666667,190333.33333333334,61433.333333333336,74.0,453.0,2.8,0.346,тиха
2017-09-20 23:00:00,59.583333333333336,0.24408333333333332,0.18466666666666667,0.09683333333333333,0.0648,0.035075,178333.33333333334,51841.666666666664,74.0,455.0,2.2,0.333,тиха
2017-09-21 00:00:00,46.425000000000004,0.2808333333333333,0.20158333333333334,0.1173,0.0784,0.036325,170166.66666666666,45450.0,73.0,452.0,1.9,0.335,тиха
2017-09-21 01:00:00,37.40833333333333,0.26825,0.19666666666666666,0.116075,0.07819166666666666,0.039483333333333336,159833.33333333334,38200.0,,453.0,1.9,0.335,тиха
2017-09-21 02:00:00,36.84166666666667,0.35725,0.22933333333333336,0.10084166666666666,0.07156666666666667,0.03888333333333333,150583.33333333334,32333.333333333332,,453.0,1.9,0.493,тиха
2017-09-21 03:00:00,27.325,0.38033333333333336,0.19874999999999998,0.09375,0.06861666666666667,0.035458333333333335,135083.33333333334,24566.666666666668,,450.0,2.0,0.411,тиха
2017-09-21 04:00:00,16.55,0.39325000000000004,0.19641666666666668,0.10561666666666668,0.07189166666666667,0.03125,120833.33333333333,18641.666666666668,,452.0,2.1,0.272,тиха
2017-09-21 05:00:00,9.0725,0.5338333333333333,0.2559166666666667,0.10389166666666666,0.07075833333333333,0.03793333333333333,99925.0,12593.333333333334,,445.0,1.7,0.422,тиха
2017-09-21 06:00:00,9.601666666666667,0.5165833333333333,0.24691666666666667,0.102425,0.0726,0.03698333333333333,89841.66666666667,12579.166666666666,,443.0,1.5,0.449,тиха
2017-09-21 07:00:00,9.558333333333334,0.4335833333333334,0.22133333333333335,0.0881,0.06175,0.0277,132250.0,26158.333333333332,,434.0,1.5,0.384,тиха
2017-09-21 08:00:00,8.098333333333333,0.531,0.25866666666666666,0.11936666666666668,0.08383333333333333,0.036675,105916.66666666667,19191.666666666668,,431.0,1.7,0.488,тиха
2017-09-21 09:00:00,5.748333333333334,0.47091666666666665,0.23591666666666666,0.119925,0.08280833333333333,0.03884166666666667,87166.66666666667,13641.666666666666,,447.0,1.0,0.508,тиха
2017-09-21 10:00:00,6.7683333333333335,0.48633333333333334,0.25425000000000003,0.11205,0.07608333333333334,0.035208333333333335,82975.0,13583.333333333334,,438.0,1.0,0.409,тиха
2017-09-21 11:00:00,8.5,0.5249166666666667,0.2544166666666667,0.10393333333333332,0.07668333333333334,0.03975,86983.33333333333,15216.666666666666,,419.0,1.7,0.519,тиха
2017-09-21 12:00:00,14.343333333333334,0.40116666666666667,0.19491666666666665,0.09516666666666666,0.06600833333333334,0.036125,98750.0,20175.0,,414.0,1.8,0.333,тиха
2017-09-21 13:00:00,21.45,0.56125,0.29433333333333334,0.10999166666666667,0.07128333333333332,0.038075,106916.66666666667,23283.333333333332,,397.0,1.9,0.543,тиха
2017-09-21 14:00:00,21.400000000000002,0.35325,0.20733333333333334,0.11173333333333334,0.07892500000000001,0.03916666666666666,133916.66666666666,32541.666666666668,,382.0,2.1,0.328,тиха
2017-09-21 15:00:00,28.891666666666666,0.2996666666666667,0.20274999999999999,0.097675,0.06500833333333333,0.03519166666666667,148666.66666666666,41091.666666666664,,381.0,2.2,0.466,тиха
2017-09-21 16:00:00,32.458333333333336,0.302,0.20233333333333334,0.09251666666666668,0.06846666666666666,0.03528333333333333,147166.66666666666,42008.333333333336,,375.0,2.3,0.459,тиха
2017-09-21 17:00:00,51.76666666666667,0.285,0.18966666666666668,0.095725,0.06650833333333334,0.032775,155750.0,49458.333333333336,,365.0,3.0,0.266,тиха
2017-09-21 18:00:00,57.6,0.2569166666666667,0.17916666666666667,0.09763333333333334,0.07187500000000001,0.039925,170000.0,60341.666666666664,,375.0,2.8,0.263,тиха
2017-09-21 19:00:00,63.166666666666664,0.3725,0.22983333333333333,0.11064166666666668,0.07429999999999999,0.04019166666666667,180250.0,65750.0,,394.0,1.3,0.472,тиха
2017-09-21 20:00:00,42.1025,0.39749999999999996,0.22683333333333333,0.089325,0.06998333333333333,0.03969166666666667,178750.0,63175.0,,379.0,1.8,0.429,тиха
2017-09-21 21:00:00,50.78333333333333,0.48925,0.31758333333333333,0.12135833333333333,0.07746666666666667,0.03341666666666667,175833.33333333334,58350.0,,380.0,1.8,0.501,тиха
2017-09-21 22:00:00,39.0,0.35000000000000003,0.20025,0.09435833333333332,0.07063333333333334,0.0396,167750.0,49366.666666666664,,387.0,1.1,0.31,тиха
2017-09-21 23:00:00,28.825,0.465,0.2578333333333333,0.113575,0.07810833333333334,0.045125,150083.33333333334,37525.0,,380.0,1.0,0.506,тиха
